-- phpMyAdmin SQL Dump
-- version 5.2.1
-- https://www.phpmyadmin.net/
--
-- Host: 127.0.0.1
-- Generation Time: Mar 08, 2025 at 06:49 PM
-- Server version: 10.4.32-MariaDB
-- PHP Version: 8.1.25

SET SQL_MODE = "NO_AUTO_VALUE_ON_ZERO";
START TRANSACTION;
SET time_zone = "+00:00";


/*!40101 SET @OLD_CHARACTER_SET_CLIENT=@@CHARACTER_SET_CLIENT */;
/*!40101 SET @OLD_CHARACTER_SET_RESULTS=@@CHARACTER_SET_RESULTS */;
/*!40101 SET @OLD_COLLATION_CONNECTION=@@COLLATION_CONNECTION */;
/*!40101 SET NAMES utf8mb4 */;

--
-- Database: `dbp_data`
--
CREATE DATABASE IF NOT EXISTS `dbp_data` DEFAULT CHARACTER SET utf8mb4 COLLATE utf8mb4_general_ci;
USE `dbp_data`;

-- --------------------------------------------------------

--
-- Table structure for table `anime`
--

CREATE TABLE `anime` (
  `id` int(11) NOT NULL,
  `name` varchar(255) NOT NULL,
  `description` text NOT NULL,
  `image` text NOT NULL,
  `wallpaper` text DEFAULT NULL,
  `is_top` tinyint(1) NOT NULL,
  `is_other` tinyint(1) NOT NULL,
  `recommendations` tinyint(1) NOT NULL
) ENGINE=InnoDB DEFAULT CHARSET=utf8mb4 COLLATE=utf8mb4_general_ci;

--
-- Dumping data for table `anime`
--

INSERT INTO `anime` (`id`, `name`, `description`, `image`, `wallpaper`, `is_top`, `is_other`, `recommendations`) VALUES
(1, 'Solo Leveling', 'In a world of gifted hunters and monsters, a weak hunter Sung Jinwoo gains extraordinary powers through a mysterious program, leading him to become one of the strongest hunters and conquering even the strongest dungeons.', 'solo-leveling-poster.jpg', 'solo-leveling-wallpaper.jpeg', 0, 0, 1),
(2, 'Sword Art Online', 'the story of a multiplayer virtual-reality game that takes a deadly turn when players discover they can\'t escape of their own will but must play to victory or to death.', 'sword-art-online-poster.jpg', 'sword-art-online-wallpaper.jpg', 0, 0, 1),
(3, 'One Piece', 'One piece is reaaaaaal', 'One-Piece-poster.jpg', NULL, 1, 0, 0),
(4, 'Black Clover', 'wizard ahh show', 'black-clover-poster.jpg', NULL, 1, 0, 0),
(5, 'Seven Deadly Sins', 'dwarf ah show', 'seven-deadly-sins-poster.jpg', NULL, 1, 0, 0),
(6, 'Bleach', '', 'bleach-poster.jpg', NULL, 1, 0, 0),
(7, 'My Dress Up Darling', '', 'mydress-up-darling-poster.jpg', NULL, 1, 0, 0),
(8, 'Naruto', '', 'naruto-shippuden-poster.jpg', NULL, 1, 0, 0),
(9, 'Future Diary', '', 'the-future-dairy-poster.jpg', NULL, 0, 1, 0),
(10, 'Hell paradise', '', 'hell-paradise-poster.jpg', NULL, 0, 1, 0),
(11, 'Blue Lock', '', 'blue-lock-poster.webp', NULL, 0, 1, 0),
(12, 'Jujutsu Kaisen', '', 'Jujutsu-Kaison-poster.jpg', NULL, 0, 1, 0),
(13, 'Attack on Titan', '', 'attack-of-titans.jpg', NULL, 0, 1, 0),
(14, 'Your name', ' a touching, emotional, dramatic movie about two character, Taki and Mitsuha, who begin waking up in each other\'s bodies every few days.', 'your-name-poster.webp', NULL, 0, 1, 0);

-- --------------------------------------------------------

--
-- Table structure for table `anime_genre`
--

CREATE TABLE `anime_genre` (
  `anime_id` int(11) NOT NULL,
  `genre_id` int(11) NOT NULL
) ENGINE=InnoDB DEFAULT CHARSET=utf8mb4 COLLATE=utf8mb4_general_ci;

--
-- Dumping data for table `anime_genre`
--

INSERT INTO `anime_genre` (`anime_id`, `genre_id`) VALUES
(1, 1),
(1, 2),
(1, 3),
(7, 4),
(9, 6),
(9, 7),
(10, 7),
(11, 5);

-- --------------------------------------------------------

--
-- Table structure for table `episodes`
--

CREATE TABLE `episodes` (
  `id` int(11) NOT NULL,
  `anime_id` int(11) NOT NULL,
  `episode_nr` varchar(255) DEFAULT NULL,
  `iframe` varchar(255) NOT NULL
) ENGINE=InnoDB DEFAULT CHARSET=utf8mb4 COLLATE=utf8mb4_general_ci;

--
-- Dumping data for table `episodes`
--

INSERT INTO `episodes` (`id`, `anime_id`, `episode_nr`, `iframe`) VALUES
(1, 1, '1', 'https://d0000d.com/e/f6fo1pnn25uc'),
(2, 1, '2', 'https://d0000d.com/e/yjiw7l2c9xuv'),
(3, 2, '1', 'https://d0000d.com/e/83mef433shls'),
(4, 2, '2', 'https://d0000d.com/e/97xt52rpl2d4'),
(5, 5, '1', 'https://dood.li/e/uknanfec4vv4'),
(6, 5, '2', 'https://dood.li/e/uknanfec4vv4'),
(7, 2, '3', 'https://d0000d.com/d/zubin6vs036l'),
(8, 2, '4', 'https://dood.li/e/4nr5g69stgzi'),
(11, 11, '1', 'https://d0000d.com/e/xh9kp5c5mc4w'),
(12, 11, '2', 'https://d0000d.com/d/f4mahxndt867'),
(13, 11, '3', 'https://d0000d.com/e/ev5ss6k0ruf5'),
(14, 11, '4', 'https://d0000d.com/e/b1c6j1g0digk'),
(15, 11, '5', 'https://d0000d.com/e/h8sun28mi7k6'),
(16, 11, '6', 'https://dood.li/e/uescsc62t2pk'),
(17, 3, '1', 'https://d0000d.com/e/ha2f47scfwf6'),
(18, 3, '2', 'https://d0000d.com/e/4xaubb9hiyc4'),
(19, 13, '1', 'https://d0000d.com/e/0sjq9nwhxpru'),
(20, 13, '2', 'https://d0000d.com/e/32ymqi855h67'),
(21, 4, '1', 'https://d0000d.com/e/7rp92h6xa2q7'),
(22, 4, '2', 'https://d0000d.com/e/cm3bjm6yhwed'),
(23, 14, '1 - Movie', 'https://dood.li/e/n05s07sl4q2d'),
(24, 12, '1', 'https://d0000d.com/e/eiym9ifzb26m'),
(25, 12, '2', 'https://d0000d.com/e/64r7ojqf9iiq'),
(27, 9, '1', 'https://dood.li/e/ok0npfbh0gdv'),
(28, 9, '2', 'https://d0000d.com/e/lf1mkyax1h2e'),
(29, 6, '1', 'https://d0000d.com/e/gt3fyndx4vhq'),
(30, 6, '2', 'https://d0000d.com/e/l03ddhqgefpw'),
(31, 10, '1', 'https://d0000d.com/e/ok0npfbh0gdv'),
(32, 10, '2', 'https://d0000d.com/e/lf1mkyax1h2e'),
(33, 8, '1', 'https://d0000d.com/e/xafivpw6ufg8'),
(34, 8, '2', 'https://dood.li/e/u43m2jg6xrco'),
(35, 7, '1', 'https://d0000d.com/d/50tva12ie8g9'),
(36, 7, '2', 'https://d0000d.com/e/rtdn8ua1sxoa'),
(37, 2, '5', 'https://dood.li/e/i2ns2d4aft56');

-- --------------------------------------------------------

--
-- Table structure for table `genre`
--

CREATE TABLE `genre` (
  `genre_id` int(11) NOT NULL,
  `genre_name` varchar(255) NOT NULL
) ENGINE=InnoDB DEFAULT CHARSET=utf8mb4 COLLATE=utf8mb4_general_ci;

--
-- Dumping data for table `genre`
--

INSERT INTO `genre` (`genre_id`, `genre_name`) VALUES
(1, 'action'),
(2, 'adventure'),
(3, 'fantasy'),
(4, 'romance'),
(5, 'sport'),
(6, 'horror'),
(7, 'supernatural');

-- --------------------------------------------------------

--
-- Table structure for table `review`
--

CREATE TABLE `review` (
  `id` int(11) NOT NULL,
  `user_id` int(11) NOT NULL,
  `username` varchar(255) NOT NULL,
  `title` varchar(50) NOT NULL,
  `review` varchar(500) NOT NULL,
  `type` varchar(20) NOT NULL,
  `anime_id` int(11) NOT NULL,
  `episode_nr` int(11) NOT NULL,
  `date` datetime NOT NULL DEFAULT current_timestamp()
) ENGINE=InnoDB DEFAULT CHARSET=utf8mb4 COLLATE=utf8mb4_general_ci;

-- --------------------------------------------------------

--
-- Table structure for table `users`
--

CREATE TABLE `users` (
  `id` int(11) NOT NULL,
  `username` varchar(20) NOT NULL,
  `email` varchar(255) NOT NULL,
  `password` varchar(50) NOT NULL,
  `type` varchar(255) NOT NULL,
  `profile_picture` mediumblob NOT NULL,
  `picture_mime` varchar(255) NOT NULL
) ENGINE=InnoDB DEFAULT CHARSET=utf8mb4 COLLATE=utf8mb4_general_ci;

--
-- Dumping data for table `users`
--

INSERT INTO `users` (`id`, `username`, `email`, `password`, `type`, `profile_picture`, `picture_mime`) VALUES
(9, 'admin', 'admin@gmail.com', '123', 'admin', 0x52494646dad5000057454250565038580a000000100000001b02001b0200414c50486c2b000001f0866ddbb26bc9b62dfb7e1c17dd8d347a9b8072838222e6ad802d62dd72eb8dade883de65773736c68d9d58f72d2a26a0a44d8ba884b48081755dfbb16fcb8f33c639c63839cf638ce78d889800fe7ffffffffeff7fe84d83ab149acc60d3a6d50799719bb4f2d7a4f1e001ff71ca29dffdfe49ffe76020a795bdc4420fb8c0d1d73c07482b79190ed89f34c67fa965b87afde19057ee123cd77bd38c7a8196707894aaef87d4a735b344828dbfec79908664f6d7ead845bfb23ea92fcb6d8276664870f05a7d142d838935bfb7bac008afd884d48bb509d81348b7186971323c5f7563f2107893d585775ebe29b9ff4ac07e2ffebca7bc18d22dc5e266f89aaef5e324061b6ea731013b2f86b6f78243bfe4d09320dd3234ed22a4c4ee1768d5bbd20e812f5a9c68e70721f75b891dbea476eb625df8716e111b0efec022c05e9d5d542f8034d0b091c664423f01a41e2bb1e925da856ad5fd696e11ee22a4c924789a76daf95fb40cb63cd6ea8443afbc1de4feaae5d11a0e2f7e8b748bb0b3ff4a3b9104476bd5d0dd6986c0572c9332aabe1652eaab803739ba7a2da45b825b792a13cd70bc56b57816a481864d3bebc4b4ea399b41eaab125c601916c62dc4aeba03cdc2329c62846af8685a065b1ea2b108d6b01c09b9a7a2e5211a23bc3bcd2dc19efa4ada056538d91aaa61dd986648e6c316173542df01a9a74a70b9dd108befa49d7e991df517901690e114ab438b5f6378824bad8ba3554fd988d4573d4d63d4b1e4e9d7723f75679af1329c6c7578f828da210ddb6a2c9651bd647d722fc53ed570d4bba6526a16f402d7fa44dab1329c627578f577908664eebe148ce2a990faa7c49dd75a1dab9d420bce7cc4bff90dc6ce708ad591c5f79319daf24f4bc2d0d740ea9b32bbfdddcee996d8e4dee325b8c475fe1ed2a804a7581d197a2fda516fb1b814435f4bdf9ce0fb16a75ccbeb4ea319a761d3b0ea9d68462438d9eae8ea759046bd698918fa4052bf041f369c7209ae389b344ecb5d348acfa71d012fb5c618c5f79119fd9da562d51d497d52e2482790a74dc3f606a4b1fec362f144d2a8e76a3866f870da61096eb42e113b2fdd90a63fcadc49ab0b5a336d5a8ef46fe3c12916ab57401a481cade198d5d890668cdf2e1d3bbf457f9ce04c3b17722ca4a649d324f3313d90665482bf5a0ddd9a06c8ecadd5718b5f637482df2c21f529e4fee8f9866aa9a3aad76fc7944d70b53e927654cb83d5819dc9d0b06b581dbbf3c9b4e3fc6a2955dd8edc0f65f67120c205fee61b277c7d3bd21449eadb694665de6a51ab47d192e01c3bc70edd83669c8b97929ddfa61f4ef0033b072fbf7a9c70f08e3463a4a669524a4dd33469e9a47630010d07583d85d1097e63558bcf614d82930dc7af5e02699c5f2c29f5489a3e28738ca1a127426768576b29aaa7ed4a62786a32cb302586276879bcc575908635eca531e4ade4c44b0d17587c1f99c1d4b42d9cb7b4aabf5b9fdcff647671a0fa31e0463b475ef4f9bb333a6580ad6eb7d39b7e7ce617f7dc73878d970a6c70af638efeb707c2c0932d7a20eda837591c721699835c50548fa085d4660637bad26e29597d0369208dd9c7c0672d1aba1df027abbe70ff873de7b10703a4610db0f52bae71cce3496909247893433f0a29f3594bf115e42109fe6c1d7606eca6d585e88ee4dc00ec70c427cee95ce2a17761bd3627c6ccb96d53bfd2726f0d2dfe2f8966c8960ccd0d4333b0fff90eada5147df38690da941629b3d5556aad459fc59ac497edaa17431a6839cc70d89970969d0badfe163270bfffbecc65d97921134d6d9bfa13f89c45ad1ece063c4643efc8066ddb268667d8f7176a2d11115a3c0b3661b0cdcd222438db52432d9e07992f5a42b7a019487cd632e2745e61b8e0e20f816d5f71b56a2d25969cfa829d8f79e997affcf56f2ebdf4d2cb7e7de9456f79e5c36ecd60d3a67e24731f0d0dbd1bebf1528b9d5f87c4e80cc7aa35c2e1a117fe79ed8d5fde8bc1d44cace1186b38f25f68f992c5eabfd002994d3a63c4e7767532cf61bb77ab96124ecfeb4ff997db02b4a90749f0038b43f6a3e58b1643f7a51991123b5da1359c6439f1a03b6c0ce4c924b8d1eaf0eabaad18523c95c186d7d83934bcf98f860beffce08bd4ae86cb366ad452eae8524a3878d1abf6019adc7bb43cdca1a13b023758b5f8e93160bf3f5bc30546576b290eae7beaada159401ad2f21caba33bbf362cf4f664125c6e1db6b85d755947840b8ca8a5aa9efe7420a59e033e6719a89e0c1c6d3870c238476a75c2516b557dd946a4f1862638dd3246e81387587c276b9a86c73a6e7413ea4a751a4794a2feea199b40ee351af6d518281e053bdc681df23f633c40ab8b18513bbdf84048636cb8e140c3869d3186d5bff3be81d06d004eb38c710b1c45bdf92940d36324de60510dbd3d9bfcc250237cf2b0cc6dfe6a71b123f4f18c4eecf50832b4dcc7f1d43fffd5503bbf7cabd79ff1476ff14be8358f05525f91d95463a0f82938c1ce01dd6348822bec5c829d3e6e54c37dae5f8f44cb1b2dceb835f4f45d21f5142d8738bcfa501eecf0d00d490c7ed0ea42232661d5fd482376f004482dc72dac8b1111a5d49801b4a84741ea27e0039681d02df8ae6548e7dfb61cc8dc4f6301b5d45aea04ecbc7423d240823ffa0c129cbeb031239c19a3d3af6c4cee23124d671de8acdc556388d5cb362727b8c2ea600caf0e8f0958fd2843135cebbabd802bad139b2dabfe7a67fac886bd3486ade3d51647564f83ccf30c076be7c85ffff3a30e7fc6ef8c0984ee4f3324afd58b80cb6624a3ea117d44cb915607c3bad5ff8c13ba0f347fb31b08475e70c4d6005b7cd349767e9e0434dc4a3b9f334369a70fee2132efb20c5970e841f06887566f3c7c9b8d37db68db076f07b96d1bd63b7912d59b37204166675de73970e5ec64a787f50e09fe6c9d4c755d860bedd4ea1f7763644e406ee0a7d605597d112da9e5fe1a7a203fb5cc4c563dac6f68d8b03346458c53fc2efca38686e51fc843d66486ffe3d32fb35b58f17b0cee779a35c2c3f8ef59caaa0fed195af6739cf18bc7c3972d6af1edc0be4ffe97276dcff043bf5c9d68f52f2d6cf8dfaaa187f1ce99caaa8f24f50b0fb03aa933e146ab5abd0fcff8aeeabaf76e4e86e7a95d4cc2f091b43fd53a647f0ed398a1ac7a20b957b8b731a1eacdeca5a1863f3e51ad35f4822de1f15aaa93ad3e81f75843ad76ebb1c98c65e7e55b91fb84fb4d2cf499dfb67374176a2d5e9cf983c549771e774f0dd5e2bb6938d13253593d0d528f70ef892db02be1f0f0fc1f192e6ea8861ec6063cde98adacbe9efeb0e53e8bd1c5a8a51c351cac761bd0d0de6c9dad42f7a3e90ff6d398d8a46b59a47068f19dac015e6c99ad2c9e07a92768d874e92dd5ea63815bbdea5a63c6327c077d61822badd328c27b72ffd39dc5430fa0e907c8bcce328dd46ffd54edeaec65f19bf4852d47d90d442da5c654514b75160f3d9ca61f68b8b5868643eb34e94a38a357af80d40b2438d7aa7ad5893fefb40e8b524a2cb7593e3c8ab617a0e5283bf5f900f70963201c8cb9adf35c48bd4066772d5e0819d8659de1e00fdeff6d8d792df46e34bd0089b7f9779fcd1a52ca1ca461f852e0d11a739ac5afd11336eca13e9c1648f0134bf51a58033fb3ce6ba15bd1f402c01b75273240e60b769d6fa121f349cbbc66e74b69fb81ccb67f730b9a81864fbb4ef7a6a599ebaa1742ea05c83ccddd86257ee45add8a66ce0bbd1d4d3f90e0b83d4903f00d75ed7a241a3e36c7597c216d3f307682f7eb5590487c65befb21a4bea01931f855cf00125c679ddfc26ebdfe60dc96ed3c6748d698e7bc1f6dff005c7035a48603e73a3b9fd14bb4bce54f90129fb738c757bf48ea259e2564f89d759eebfc15a43e202d20b1fdb1d0b2a7c63c17ba194d1f30c1bdd790f9a09d73de9dc87dc0fa0b8304375ae73a8bcfa49dff1ade7914cd821a0ed4585e31f3559fd80324f8f527681794f892c5651cb544a933df113d40c30e7e996621096eb22ea37068ad31cb153f499afb5aeee157480b6938586319e9b5efbad71b544b8d19ee4790e6bdcc9bfce2c2125fb6b81c63a0f3c27d003678dad56a2d75663b63fe6bd959bfb4a004d7599741740e165f02b94dc003bfe9ecde03a40cdfd1af2ca8e1de1acb6064f518d64b901b60b3a77cf32663463b7dde83bb9d69e7ff2c28f1658b4b3ef469fb6b183e8c8604a416e0d61a2b309935efd0287e8e3c5e82cbad4baff833b6d208dd95358c4cebf3383b67b31fcd7509beab9dd51f411aab613b8de5f0bfa4df5b8a3ef111577f0ad210f8957526abbe8686b93dc18976a1a1bbd18cd5f27c3b97c37be10a47bf803cd0727f8d19ed61b4f35be69f3554c3072fa0e1839665d0f90cb8cebffe5aa3acf5ca86c4e0d72ccee4c567ce7109aeb53ad87926a471e08ce510769bc0151eb39511a13e90161af6d398c9223c748e6bb893c610f5d9346324b8783954af02aef41f7635428bff3e005fb7389be916e4b92df31f5687577fdb92c6fa8b75e915bf0b94ebf9c711efa3a5e59f3466b64d68e6b5c406978f61f849c66cd8a02c87ce9743f29d1c38e2f5b4092eb1389b577f0e695e6bd8e2b7e379079a1189f5d72d83d01d61eb93371850abff4c9b79aa337bf17324e6b8abc7b1782ca3136bfebe0caa37026c06fb0fd12358c3c69d75767b26eddc96d8e2176385de8e66d4faeb9641f1ab24a0e1083b0ddd9dcc27ec9cd143f7a199db483cc54ea3945243ab3f8726a59448ac59bbf4227c022d243861a0f8753287695d17b359f52648f35bcb3fa9e1d0d0f0eb8c79f1d2abfe1e12346c1ac6c08b60ab3f5a9cd58b9f2333bf376cab55cff9c6b77fafa17aeeae709befef4ae64ccb522b7e850cb4dc53b5ea1ef003d7e9f13718b358f528da392ec1f7d423005ea86168b9e69ab53e80f578f7d2d3c732fc5316438f84d758f5cefc65260bdd963cc7d172377d39a404ffa561746af8295a8e74a9572fe356c742c3f61aea31f058f594ed78b03379f11324e6f9047fbd1a3264788183b5d6e2ef00fe685d5ac5577386009fb2daf90dd8b5ea8b80f75a6631bd2fed5c47e6f0b79201127cc4cec1d0dd68f8a66569759ef0223d141ea051fdfbd6ecf4377f797b800bad3358e7ef20cd776367b6fa8b75c0ea7359c3911a4b6af86bd9e85a6be8a3d8455f0aa9650f8d192c7c260df37e1a45cbeb2c236e5e0fb8ccbac4eabae287f89e61f1c7eced399b41a6e59f8c19ac7a25a4b96fdc96238c21113e84f578a1b1c434bcfa2435f4d19cf222480932c75b9cbdc3a368e8113377d418b07a2e90fe685d6a238b3f613003097e6b8d98b5aad740ea17ee3c4abd0f6b78b2b1f4ba32e42decf92a1240c3665aabb376f8341afac49627581dde793ec0cf2d4b6e30aa071227d20eb41cea0c5ebd0a52af9038ce32427d2a2d7b85dd7250cfbdc69dc8c3de66e7314f3266a9d0fbd0d02736dc536354d5dd68b88fd6e5a1c79101129cac6f66338d194a3f4cbf98d8eecf56c7ac5eb21e99676b5d0ea107d08cf8936f044eb7cc4ed58ba1ed13123bdc6cb8c09fb6248ed63a815a6a2c4ef1648637ece9a7a0e5088d99a9f3482035bd4162d3bf5a1d2c6544f8930678aed631ba524aa9e1a287cfa71dd2f2c4b590135c649999b4fbd93fb740ee0ddee43a47c710c31fef0e1ce304fff0897b7cceb208d53fad471a92b8cf4164687998c6eca4fefdb8db434e7d40661b0d35f4a41f3af633d6c023ff6c0c09cfffc8573ff45f2f78d2e670d2a214bf4862e16fb3c6cc1425d42fec02b9076879a043ab1f8057680cab7af3e177e11dae1b527c19c3b73cd3450d9f4d3b2aa521094ed53a2ba9b5535f4a1fd8f2328b1aba23f02dbb6146a87f59670ca9deb8e990435ddc6ad98a66d4e80427395b47a797df1ed2fcf79a219d7f6f59c33e1ac3b456c70d7f7a3b36dcebd35a63318aa732d10447de68cc505a3b7d1aa4b9efd156b55ad690e144bb511a5d8c1abcb9a8d5452dbe9e6612a4c47e1ab39476fa6248f3de811adab9369132fb6a8cb1c0aa5ac2c50d8fa49d082d7798b9acfa2ae6fcc47a434237210327d94dcaa8355ce4ea5fb7a4994c66dfd9cbd0e7cf79245e671db20f99863b6b4c6a29162f80349986fd6730430fa199eb1ab6d118b81b2dc0c7ec96d3892426b56167377359fc1da4798ec47f195a3d6220b1d13aebb2095f403ba104d759672fab1f98fbf89ed5e2310334bcc16e2231744844d4526202d575dbd24cee4f3359e8ad68e639321bfcd8aefa794890e052bb8545a9aa5106c39151076354f154269ee00ccb0c66e75bc8731d892d7ee75ad7a6013277d55848b8e0eb8f39ece7ae7568c488f049b493a2e16db359f57248731d99bd2e5777a70148bccaba80d04f1db2cfdefbdce1fe4f7ff2939f7cd40177de13f899ea5ffefaa7e2c8e2399026d6f22ceb2c167a3b9af90ed8ec437a28ed30be651d2bf46816fe397de37e5b023ca21a6ad5fdc94cbce18e1a3398d567d1ce7b0d3cd54f920748b4a75b63ac3740937393dbe1790d4ffdfbd3b665e4ff5ab4ea7d59cc047fb5ce62c5f790e73d32dce3cb1b920680e6748d11d52b21b3d07bee06a96d524a992f59ecf4de2cf60996d9eced34731f89b133f93b5a6348f11c12134c0d8309aeb2ab7a2fd2e2243ebe8203398d418677ab3586fc8409a686e1897fb7eadf0e6091125c6b9dcdde45ee03188b0c07fe41ad35aa7fdf8c6641a31307ab7e7923163bc15f66b3ea93687b810526e0febf57ade1e1b413639f757ad33f415a0237cf64a1bbd1f40fa40ced1e1f553b9fbb08cfd78bef0f6496c09f67b2e2f9907a086832c043d407d24c24b1d907fef63f5b0339b1146e9ec9f449b4f49429033b7a19a489905ff6a40ce4c4124cf09759acf362487d0590334f7c220d13de0068124b32c1f53358d55dc8f4b629b164139fb0cc5aa18f23d173a634b9c4126ef8e0cc157a243d79c38767aeeaa7e9cf8e9fb5aa7fda80dc9365de3463853e94869ebce59f8c98a58a27d39fb71ca0b354e8dd687bb38667da3943577f0aa92fcb709575868af029b4f4e4198eb53a4357630da91fcb0dbc5063962afe805e3cb509363859c3d9ea25b4fd526a72bbf006203df5af46384b87ee4fee8f52db66269cf63fae6a84b3d646343d516a33839b6e7cd0431ef2a0073de8b0073de8b0430f39e490430f39fcf893fea84675c60eddba274a2dc0414f39e1f25a9d6ca9e10cb629b90f6a81fb7ce44f0eaf0b2ea586b3787818ebb76ddbe6a649a9b749c0037eae5a4aa93516eeacde7936e3366ddba41e26c3ddcf514b0de7ce1fdeeb1f9ff9ccc7efb6ebae0c4f6d93fa950cef514b38d7de70c587ffe341bb32b46d526f92d8e2e75ac2f9b4564ba98ebefcc467fd2383b94dfd0877fb9d359c5b23d488a8a59470f0a62f1d733b80a6e9431ea2d53939a294e2e095efbf0f40db73641ea29d7375d4d2a95efc1f7b00b9cf48eca6d5f93b6a51fdd21d81a6b7c86c79b59df379944e3d7b2f483d4582b3ec9cdfa353bfb831bde59badcef5d1e9da7bf51399fd34e63b8da2afec2312fcd2e2fc5ff51072ef9079a3d53eb07803a49ea161778d5ec0f048da9e01be63673f58fcb7bea1e1ae1abdc1ffe91be03b16fbc1d07fa4e9151aeeaad113749e03a95780ef589c78d452ea1ca50fa4a54f6c3850633211a5385f177f09a95780ef5a9c6044e9546ff8c451d758e7a4d08790e9131bf6d0585894aafae3ff38003850633ed2b7d033268eb5b8d05a54cf7ef68e0039f3df7673d2bb21f50a89f5c3182f4aa8e73c674780b64d6476d7582a1133dc3a4f8744afd8f204c371a3a81e771780b661e429962512356acc6ad51b1a327de3a99631a2a8d73c35016dc3e89627d92d8d703066346f7a1a897eb1e1361a23a2a83f3c08482d6337eca1b114aafed7dd4ed198c58a17d33fb6bcc8e2d028ead9f7049acc0213dc6c5d02a10703cfd598bd3add93b66f48f033eb90aa9e7d00d026169ce0079625a02f2037f061ebcc15aebd3b99beb1e1000db586fef8ee409b9864c3bb9742e737219149575b67accef3d7d043668eb368747ac3a1409b986ccb011a8b15ba35196838c298adaa17249afe21c17956abfa6ca04d4c3ac135d6c5aabe840c90e04fd6192aaae7261afac786ddb556fdcce690138b98798bdd2255af823440c38bed66a7aa2727323d64cb8b5dab7f38047262511b76d2581c3d8a86111bacb3ce4a55df0e991e32c179ea2781cce27fd5b228d59f431a069c68998da2ea0b21d147366ca17f78206416bfe1ce1a8b10ba1f2d235b1eaa310b45f8c77b40a2976c79ae270089a5799c65113abfc9b809aeb6ce40557fbe1e29d14f268e7f0d342ccdcca67fb54e2cf4d63463d0f04ecbecd3e97190e835134bb5e1311a93aabe88cc78076acc3851f54990e933736229bfcf3aa1cedf421a2bc165d6d926f4868321317e6a9aa6e911124b39c1f75d3791aa7720337ee6639699a6eab71b5262dcd43234a5de60896736bbd91a0bab7a340b6e39426396d177406230a504a406d8e80ebbdf7113fadac46daed4ba90aacf63e189f5d6596797f0d27b4002685aa0cd1978c8c7d7aa7e72939e66f0dbdad571a2e8f398ec572db34bf1b59058e0e1e73af2d2f548fd4c86e7ab5da931583af5e94cb4e5d1ceb0a18f1f48b0d36b2ef8fb052fcf3bfd442d35226af143f4b50936ff98639fb41b936dd844636631f4209a06fed9a16b354a3834b425f533a4041bbff05b7f1f72e9bbee04a48924f8b16576b178d336c0b3b5945a3aed1c1d7a306d4f030d40da66f32db7d812a061c22dcfb3ce3056afdf69ef33b43a58abe3763ea6c781a665646e9878c34e1a338ce16038c9eae37b1d20358389454c70966596b16a09275afc3269bc949a26a53e6529b63cd598698c70c2c5b3208dd1b489c136f74989f66fd69966f2d532466a19dc742b8094fa2312c75966b2d04369075203ecf3e66fff487f7ada7f6c08a93f6ad85f6316b37a19b4890c3ce3478ef90648bd5182b32d3399e1e90c7ddaafd4ae948852aafeb8a53f6e79be7536536f7839dcf952b584c3a38637de81dc13a535dc5a63460bfdcd97b49670dca89edb90faa1c1f3ed66346b553b17dcf923483d5062bd63bffdb1df1bb39ad675d509862fa11ffe8ef368e8de347d4f6ed949d795983becfc267df0fd0ce7d1d003697a9dc4dd4ff9fe6fe6148bc793fa9c04d73abf86b125b9bf492d5cecdfeabc6278286d7f036c7683d5b9b5f851728ff35f3776ceb3d5eb20f5342d0f75ce0dbd3d4d4f03a7b8b6ce35561f41dbcf2438dfea7c5b7c7b5f93d95463ee7937b977496d6e72e21956e7dceac5907a96c4d0bb5763feb9a1774970c87f7fe9533f750eae5ed5b724f8894363fee9bca16f69d95fd7ad2b259c7f430fa0e955d6e3484b381f47789f3e240d6f720bfc9bc57949efd583a4c4989b3dea7c636e0aefdb838cdef04e477fd5f9330627a5f7ec3d1a76ffd96f2eb9e4a28b2eea546b373f442da5941a11b59452ea04c2fbf61e89af39ba94eabc18a5b8e05aea42749fbea365535d5b066b382f46e954d79d7fda078e7bea1def7ca77ff9c0fb4fbe4435ca589dd742ea3352036fb373beac45f5fce31eb601e3eff8eceffd5da38e517b8e9461c32f386746a75e78ec3f30989adc0ee62601a4e75dab357a91d4004ff9a3f365edd4af3c00a06d9bc4b8a969019e7b8d76a3aeef2d9a0c3cfd5aad314744a77e7e67a0cd8949e6067883d618287e89440f995a80a75fa3519d238bfaa99d8096c9a706f6f98dc690b7d1f60fa901b67e5fd528ce9151f5e4dd2165163725385eebc01bfa87260307fdaf1a259c23abde74149059fc0c2fd36a78df9e21b5407aea8fd5ae3a4f46d58f00992599e0215af51ebd4293813b7fb0aa5d75ae8cf02f0f8626b14453e2c16a6c4ed317a416e071df56a384f365d5333687cc923e4caf83d40ba42603b77af3f56a57c33933f4f59059da9957fb55123d606a018e38598d12ce9d9de5f19059e209befe059af9afc9c0ce6fffbdda55e7d070dddea4c472dc82b9bf0178d4c96a94701ead9eb91989e59898fb1b60f337dfa476359c4bab67416679a634df35c01dbfa646a9cea9d51f42430f9b12dcee1b6a57c279b57a26647ad80c1bfcb7da55e7d7f04c68e85f13f002b50be7d8f06cc8f4af19f63c47bbea3cdb791e64fad70c2fd6a8ceb5d5d88d86de35c16d2ed01aceb555ef48a677cdf0188d70be0d3d8a44ef9ae14dda39ef86afa37f4d09ced2eabcdb793ea4be25c15e371ae1bc1bba3b999e35c3515ac339f88964fad506788376cebf9ddf81d49fa4d4b6c09d7ea1d5f9b7ba6e6b327d696a19dcf9e36a38ff86de8f4c5f9a800d0f7bfc17d4ea1c1cfa54fad3044fffb9835d380747f5a3f4a789adcf56ada53a0f573d09525f92d9f25a6ba911cec3d1e9cb20d183a6dcb66dc349ae0be7e41a7a14247ad0ccd0dd349c87a396d0737786443f7a9f971ff3f247bec7eadc5b4a29aa373c1d12fde89d7fe67c5d7ffa1420d38fde4b2db5d498872ebee04b6fb8ff7a4093e84333b7d3126a38f7866ec1d036d18b6638dbe2bc5cfd0fd6e4dcd09366384c636eeafc25247ad41785e1dc1cba174d4f9233b73bc7f9baf84ada5ea401f6d7a87355f522487d086cf78cdf5b9cbbef4bdb87dcf69b6a386f173f4aee3d1ab6ebb456e7eeea9f20f51df019d755e7f0d007d2f61c096eb23a97173f42ee395a0ed098cfaa7f82d4773ccde27c1e7a3fdabee35fe7368b1f25f71bebf1b8f9ad7a33a45e035e32bf85de97b6c7486cf84e8d79cde2c7c8fd456693f39ce7ab3743ea2b12eb9f6717735ce80369fb0af8b4e15c5ffc18b9a768b8ab335244d45a4b2925a64df56648fd047ccde28c1b514b29351c1d5326f47eb4bd44c3e61a334c442da53ab2fcfa37977ef1d55fd3982e163f4aee255a9e6e75468d5a4a75e81f2ffce81b9f70fbbb6cc4d0b76a4c97eacd90fa88cc672cb34844290ebdf69b6f7ad26d1837b570ac5336f47eb43d4482df5a678ea8a53af8d3b71d791b86e7b66ddb945282049fb09b2a163f41ee27ae9b31224a71f0276f3964630653db3629317686f3ac53a57a1da45ee2ca59226aa9aa577eea29db3398db2631c94c7b99dd3409dd8ba697b8d66e468828a1fa9337eecb606e9bc4c41bf6d23a452cbe9cb67f68b883c66c50aaea094fd80120b54d627113f7d49822d55f42ea1d5aee6f3833fef02909a06d124bf2151ad323f44e343dc4cb2c33c259cfda01a06d124b33c1bba789c557d1f60d094e990d8aa702b40d4b38c14facd3a37a09a4fee11aeb6cf06dd664967866a33f59a746e81d68fa871f5b66835359860dfb694c0b8bafee1dc81ca431139c425a7a248e767a562f85d43324b8c26e2638755900efb64e8bd07d687a86ccfe1a33c1b79647829fdb4d098bafef1b129c677106acbe907639d0b063679d12d5eb20f50a0dbb69cc02fac86542e61e1ad321f44e34bd42824bec6680d08dc8cb037891d3b2f88a9e81cc411ab77cc5f79058a609be609d0ed56b614d4e3d02890f586ef142f7a5592e24b8d26e2a843e909eb1e57d3340f16c48cb86cc1db44e03c39b9ff1a8e36f454a4dea0dde3f03548fa16519279ead310d865fbd09fd61cbdb6ff9426f4bb39c807759a743576ae74d9ff9de6737a3e909de7ccb57bd06d2b24af053bba93018aaa7424a7d592c52f17364967766a7ce3a2dac659d1e4e2fd8f2a15b80885217a5fa74da6546c36335a6851a7aea4f6ec79a1ee039d6a9b7d8a17bd32c37e058eb1431d48f33ff376ca931ddaa7f3cec15bf5e8cce3faf212dbb043fb44e11a3e80f6f479ef380ef5aa65ad57d81cf592756fd155380ccf67fb14e1135bc12d29cd7f292e956f579e4f5d8536352c5cf90988299fb6a4c97ea21b473df7dac31bd3a3d064870a97572afa2990624de6e9d2ee1a37b8007da39ada3baf6004890f8aa65726f214f097e6437651e37f765b6d53aadf467db9312d0f282c9551f423b15c86cb7ce3a4df4fe731f89876b4ca5d017416630f181894578c76941e6088da97227fac02334a651f5c7d030d8b085c6e4ee3c358063a789e19f1fd607f051bb6954fc3e89a1097e6b9ddc5ed323c18feda6c7e0be34f35e66cbb04ea557d20ea3e1959649e92ee4694166bb75d629d2f928da798fccd1d6983ed5a3c76879dd62dc8a666a907994c6d488f07e3d40825335a64de86d68c6789c1113aa1e3d4d80b73b45abcfa199fb48f01e8d2953bc10d288c49a75d6c9587cdb5449f04deb14b902d2dc37f8288da912fa485ac6fd926562af9e2a6436bec93a3d5cbf1768e022eb3489f0a390c668d85b6352ef254f131a0ed19812c593e90513fcdc324df4a79018ffab96c9542f82344d80b74f8d70eded69fa810bad5324fc2864c66eb883c6443a7f336d12fcc46e3ad8f92348bdc025d3a47a2364c64f70897522a13bd14c1532db75d6e950fd7b2f40e68396e951fc2c0d0bcd1c6f9988e101b4d385cc2335a642f18b247ac096e74d970f9317d470eca4aacf9f3ac0bba743e8ed68fa817b6a4c914fd14ce02d932abe6efa2438cf6e3a24521fd0b0dd3459e70727009f9fdc594cdf863b684c85bbd2f401097e669d1655efb0b004375a2753bd14d2b4217394d3b0f872da3e8096ffb09b12555fc3c25b1eeea443b7a2993ac0c7add3e093e45ea061178de9a02f648289932c93db8b3c7d1ab8ceb2ecaaff87b61700be669906d5ee1e901694e07aeb84acfe3bedf4a1e1208d6516ba1d4d3fd0b0b7c6f20b3d889498c4558bf16f5389c44b5ceec513e811ffd76ef975be95949860e60d76932a7e8c3c9df88e75b99d09a92768d85eeb72abfe656332936cd9db89177f0e690ad1c25fed9655e821b43d0189a76a2cafa81e45c34413dce0da98d44fa614dc576359593cbe3f003ea1b15cca507f0a6932645eeca48b3f9b4a896dbea1e1727b6f8f90e0a31a4b236a8d050cffdb6dc94cfe5f4f9bd84fa75182cb345cdea1f7eb1148f011ad4b2142a3943a22f4ac971dfbd5135f9c58e4eb5c1713f9c9346a79a85db8cc8be740ea0f48f021ed62d1aafea1aad652c3a87a124b30ade1ed4eb4f87e1aa66ec3febadcaa6e4ba64f4c70b8dac5a244a76f61b347bce71c074bd52f6dc69a9c9b262d0a89f5bffb8749541f413b7d127ccfbabc420f25d12f26d8f9bb6aa9938adaa98f63e896cff8a6ea95b76109bfd4b535c60bdd8e66fa90d8e632eb720a7d12fd634a70d8156a57624111a584fadd9d21a536036c7fffd71cbd06d212490ddbbbe0ceaf309d139b5e675d46c55321f50ed0008ffd8e6a576a440c8b5aaa6af7d1fd2031989a96a199259b12f73ff7d71a6354dd8b662a91395463d984ee47a697ccc01eafb8c0a1b50c0dd5cb3efee40d8086319bb66d134bfd83febdd48188a2cf628a1f675936c5b3e82d530b70bbfffcdf5f3be6f5c7ffeb6e00a96179e7868355a394a2fa0148d3aae505cbea1bfd05a4dc32b8c3ee4f7af50bfef33fffeba5473198dbccb24f70fbd77ce3b70efdc9832031bd4f5c46d5752da9b70052d326c6ce6d4e4cd1d75df4fdd73e7c132031ad13dc685d466e4dd367002935b91d9998a2b96574667a376ce7f209fd15a49e639aa70c6d9b13533cc14f2db14cf4b4bdc8f4f82931ed1beebad6e519aedd9b15f074b773adcba07816342b60bcce75cbe21c56c2d7709c6519acf534d2ca57825f5997813e9466e5abe11f34965ce891ac84b71c695762a9551f4a5a094b6c7abd5a6269153fbd3206acf7aa6b5cea553725af8c01fb7e516329597d3eedca58cac0511a4ba978262be6a985ffb12ca570ddfa342b64d0b2af86468da5a13e8a76c52cc11f2d5142ebd2281e475e316bd842abfa57ed6244c4a25c0469a52cc137d4931ecf016aa911d1d5ba18a1dbd0ac9491e0e007ef0670975fb824c3c36957cc46b60938ec7f6e1eb8fcb19fb14eae783c79052db56d039001f63bf8bedbc35d3416e162482b67e3b60c4f7cc76e62a19bd1acc4416ada36a7cc1e1a8b7030edcadcc8cc9bad93b2f86a9a15bd04bfb19bdcf7482b7a646ead7542d5eb21ade89179b2c66442b7a559d9033eeea4c347d1aef02538d13a99e22b56fcc86cf83bbb099dc6ca7fc3f66bad93085d8f66a58fcc233526733bf28a1f7094c6c2ac3e9576e52fc1f1d609143f465ef923c1d7ac93f811a4953f329b5d672c2874039a550024b65e679dc0fd6857039079a8c6022cbe7a9500f092499c05695540826f5b1710bade2a01329bffc1baa0fbd1ae0e207390c65816dfb06a80c44b1752bd0cd2aa01ceb51b2b741b9a5502646eaf318ed5e7d1ae1620f312eb58c513593d98e072eb38d59b21ad16a0e1be1a63843e9476d5007092dd18163f4c5e3dd0705b8d31aa97405a3500bcc96e8cd07d69560f6436d71865f18dab09c8bcc96e8cea4d9056136c16c628c347d2ae1e20f366bb318a27b09a30b385c6a8d0ed68560f90788365949d2fa25d45d0b0abc6a8ea2590560f005fb78c0a3d94761541c33e1a232c9ec66ac204e7db8d0abd35cdea015afed51865e7c748ab08321bacb38eaafeb525ad1e20f13ecb283b5f4cb38aa0616f8d51d5bfb4a4d503097e661d65e74b68570fd0f242bb31c26e73f2ea8186dd3546d9f96d48ab0680af5ac630fc0aa455032d4fb08ee761b4ab061a36d718c3e28f21ad164870ae659cd03d69560bd0f2efe3d9f962da5504f777fce297c8ab061a360e639cea1590560b24f883759cd0dd69570b00275ac6b1f832525e2dd070fc02c2bfdc1648ab035a1e671d6bf0faa321ad0a48a49b2ce385fa0a5609661eab319651f4bf56090047698ca555f7a25925c04b16e43a4f87b42a20c14dd605841e44b32a8086575a1660f107905609dc416301a1b7a1591590e042eb022cbe97b42a8096d75b1612ba217995c07d351660f559b4ab02126bba85759e0b6975003fb62c24f4deb4ab01c87c626116cf80b41aa0e5751308bd37edea80174cc0e2e9905605fcdb2442ef4dbb2ae09849583c1dd2ca5fe6008d8585de9b76e5af619789583c1dd22a803d26137a107915c06d2663f54a482b7f5b4cc8ead1342b7d09ceb39bd08d9056feceb54ec4ea736956fe2e9adc0d9056f6c87cc83219c367d3acf0b5bc7862d5eb20adf43dd11a93317c36cdca5ee6b63aa9ce1b20ade835ec3439f510da15bd04975927557c2779458fc40996c9fd02d28a5ecb4b2657fdcdcadf7d352676f94a5fc336932b9eb5d297e097d689bd918695fdccfb2c13d287d2aef035dc5d6322c5f320adf025b8da3a89d0bb9359e9cfbcd66e0211be8e55800dbb6a2cacf3c79056fe802fd82d24c28b3622b30ab0e1b61ae345e7791b905825f83ebbb1aa5eb41e0dab03139c6b8d1151f50390582d98483fb7968888d2e98d8f86cceac14c3ecfd19fd90412ab0933fce72f077efd8edb404aac2e4cc0de77b9cbbe000dab0e536668d3b02a31354dd324fe7ffffffffeff7fb4045650382048aa000010a0019d012a1c021c023e31168943a22121142bb4b0200304a6efc7c99c5c00d7f40c94bff87fca0eef7917bebf76fee7fb79fdc7f6bfe53ebbfdb7fb6ff89ff2dfdaff6c3e557fddeadfabbcb47cdbf5cff75fdeffc97fe5ff39ffffffa7de8ff39ff07fbbff93f81bfa33fe77f98fddcfa02fe3bfd23fd97f79ff43ffb3fc8fd24ffa1fb75ee73f74fd417f46fef9ff7ffca7efd7cca7fb5ffc3fe8fdd0ff81ff47ff87fca7fcff901fe75fe0bff1fe7ffce5ffd6ffedee37fe37fe27fe6f703fe63fdf3fecfe7ffcbe7fccffe7ff07fdcfff8fa2afeaffebfff8ffaeff73fffffe9fd847f35fee5ff6ff69bffdffc6fa00ffbfffd3d803fe0fff8ffa1f06bfc03f737f3ffc537fa37e287ec3fcabefe3ee9f90dfdd7fd6fad3f8efcebf76feeffe6ffd1ff73ffe1fed3e4931bfeabfce7fe6ff55eaa7f21fb67f98fef5fe73fe77f81fde0fb93fc5ffb9ff39f947e8bfc5eff0ffc4fb02fe37fcc3fc9ff6afdd3ff09fbddf4fff2bff6ffccff8eeff1d8ffce7fbfff45ec0bec67d0bfceff7bff3bff4bfbefc3afc7ffadff0ffbb3ee87d78ff57fe3bf75bfc27ffffc01fe6dfd37fd1ff7bfdd3ff19fffffecfe1ffecfc133f0bfe87fe3ff8efca0fb01fe55fd43fcc7f7dff39ff63fc6ffffffd1f8cdfcdffcbff2bfe9bff7ffa1ffffef7ff3efefdff1ffc77fa5ffd7fe6bfffffeefd05fe47fd07fceff70ff23ff87fc6ffffffe5f747ff53dbffecfffc8fcddfa30fd5aff7ffb57ffb7fdb1553e1664c463e50402985993118f94100a61664c43b406554f499dc3a30c495a43ef2ca57764712bf992c00c8b7e4617905de5c9cd5e003b89e9832014c2cc988c7ca0804ff0a6dcc3749a8595139397afed1e8dd7dd26d13bad35b3d3af470ff4aede8aab14365cbc95fdb8574a9b3dbcf012406a504f1d4de7676f50da36d4e1ecdf9898f73ce9a706b7864b326231f28200a15f9dde5dc3d12b5f7f5c1fb7dd09c79de829b3914adfd25d4fff6e359a54155e937ce23445afa180e5dcdde926c385e2944f29819c9727fa10fb4ed7560eba73d72f24dcaa02f3d0ff43a6b9c0b11ad29481eaf42b520b5b5e0a4db23a4d94dfabdc4513b9f6a2a3d2dd2f39c4a6267c2cc988c7ca0417ba751d06535d1f646db089f158f43f1dafd54abf8d7fccef0e1d94fca68506b806e334028ef2ccad6934f8e31c9923dd3d4f52944f14dd81d66b47f689e8f6f6ce8e6a8d4524eeb5725614eb8ff9369118b1fcf43dd1d26b8d52928dddcf0c9664c463e32bf9fd08fd07e4a42b4a1e1775a8d98bf7235fd441ff6f392394d0013171dfebc56a3c8309960f7727afe2176ec72e701215e928bc1e03f33b2f873fd3497320f556405175646021901dab4f5419a587f4ab1c95981909b50826f9b2f06497be51f85800f46195e192cc98864b723a0df5e80e5acbb59b90ea614379f23b968f94202afe00af557a6f07edad707ec3674bfa857838674b9707e84b5e2d30d3a97248b878db1278f797819693a9466753f486eba53fc73afa82c71dc323354cf473e746d1d4823e78252f99bc2bd33d348d6ca51974f8f94d94b4fc76ade2840298599311820fed55501e4d67ec2a61c213293b1bfee45ff514ae8e2ffedd99d4f841a0ed4569eacd1c7ad0bd3339ebe6c7bcac15d539d85c036cb93249afd08870b1b397c338e98124c027030341efd980219c121f87f57677ba6dff4797bfc6e9ffc99e60014bca85868e883bfc6e4626137d627299112d0f118f94100a612ad7f57d3437718d8233bb6e999f541e155fd573ce70ac7e15327b9d85d690a4e9098962e77f37fb0711d4c505ec118e6c2eed86433f1869bd782f5b501fe2cfa4a358c4f2ea0d03cfcf18bd4862431177324c0e9660b6854003dba07f870862f0fce89554d925d213aa1afb7289db9cfa72d3da819fcd3d598737cb0bcbc463e50402976fceadf5be402cc99fc266d16c22d944a4d15d44cfd69184c5707f09a6a8c9984f6a0345ee3ec2471a63491c8e500fc5e8ed2f1c5ea14bede19c767bc9c8dc08c0cf822cbb7bad6ed0abea85eba9653597f1c7e954df133445ab2b13aa98f8bb549ace16b018edce39f71df43ae10c4b0dc0881a5b700a61664c463e502af6eff143f5e0f39dcf9bd9b0fd0e6bbfaee7070976ff59b3f3eb21277cccf4913a31720cc935420a57ffa578acdce430f0f1b0d12d416cb145b31f834a8cabb88b802b9560db6678059b6d7857c5873c7fdc23664c458fa5d3b3f55c9b5764cbc463e5040298586c28c4ebc6fb3e8e308474de8261cc51c6d00df5d40fb49a43e60231809c6177ba44c79e41de3800d03c6895b4d65ff1651b7959f436f0cbaa03aece345f3faf3f522812e3cb803ffc87a7f3a2fe8f67e426b81e11fbf514da308561cbe5f6ae8b864b326231f281330305f690b93d20cd0a4320ab3f27ff8cf43c045bc7335edb8d198cf056383d2eee6d948a55e7db0c78c337333cfff214bd7b5c40002a81bb173a4fb97b3245daeec34a7968fd840daf2ce141499e8fd1aa23cd914a4357aff0946f3bb66668cae85f7164cce83bb73ffc14c2cc988c7c9d00022c8ffae70e5b7fd3fe348782acc168f2a6b79c513b3cc2fa82e1ebf04635b131451b122cdd50eaf6945959d409917abb9d61dbf67ca216002d4c16a053de6767038e78eb4135717048ea82dfd707d39decc4becf362d2aded64b385692b453fdb63ae4a35d834231080530b32622155da8573a20c4ef9f7f447e6087f914d747df4f8de451433cbb2b52554db67c1cbd6abe75ffdea458758d3d7ae9f40139317e5ec08e0cff32d43d3f17e7e8b58f1b9f46e59dea1d8db5923adc48cc6ac6a1529a2230ebf6ebeb91084a83e654d66156e691fa697b74fa402985993118f940f98c6c8304cd2517c93327e35eae8894ad9c7245a922d0c2b767025cf7ac626a806b31d3f7d69cb925fc6c2af19a1a1a8bd76f78c086345f7ab7b090d52a6fdfaf7bf94db74e40952e0b6e134b1b22ab32d519834cf85993118f940fadd0129c7bb9e5f3dbd68271ef4634bca24f14f2e4900065039c3d4cfd8049b384154947434d094db851fb625f9ac59ae8c5970eda0f8817f4326ad60846076cbcf6260e7740a246b5dfcb50acad648cafbe7f045b2eb220c16a9a3ecde2e953e4c147ca080530b3260df5855aa294ca58ff61cbb904ace1b8a87ffc57df82522b86bc34f255fe7339897ef9bfab860fe89787e97db1dea7d17209ffa9e5fe441bcfb5e96d482f655dbab534f99211fd0047ec4eddb89859b46ad65ffce8e698ef0110afdecc0f1e7f6f649aa4ea99550e1a1786a9a32118f94100a5cffc9fdc713ee1132085f955756d36a2b63ba1fa72a1de1482dd0849a91e39c51f27ffdc4476eb9ce33380ab163fffbd08ae8965c307fbcb8d56a53ed2caae2ea587b50d1e72aae1cfdd2ddcfbd130d91852687a07f6dc72fb94c996da7be36a080530b326231f15c04bea74f74227c27bad8c777e50ccecb43ca8e3c96753dbd9bb23a57eeb333f7bd36d7ec3cd2da67a48a3c2e5cf297b47685ad97df3141dd873361c7eaba81e5c0d42e36038163dd5de88f2fc8fb1f2ca93393247fcdd60a53e14a080530b3260cb82d60249180075fab4704e2176cee48b2e4ec7927950dbd0093a97081bc60e20777a4d2b659476a5cbc797beadc2d80cf4882fbf690ffcc99c674225f4fff8271e9a9bb4e5d25e946e591f67b44c1b1706d9747002581afb1c3569f5ffaaf0c9664c43e141c5ffd08c412f4c37efd0b03d0e3bcd9746b727603fb85a512bd8b855ef28c5cbb2f4f64976277fa17f571615eba7f3a8bd18430baa5c5ab8bf07ede10c5ea10cad111988552b6a0d0125a48e62e8bfcba789e09008786442805836954a26118840298599310f1b2bd3a004e08ddd56d0907e1fac5ace9bf984a580115173374edd9659bc705b00266cd9546e33c9f1bb5ccd40182d1bbd7188a70df157a0ac956cfec3c6c5d4deba36a554a5f1c0fd05eb4c9fa1cfb0535b46c2a644e192cc988c7ca03e70417b6bf60d63c80fff70fe9a141604905426a4877649a8996fa0dff3950bb67a2685f0d2643e2bcb54b2a587753be9aaa1b07f3bf076260a662d60a3d96c2618eeaeeb5e1dd99715548ccba04d0ba5c27c51aa8f46195e192cc988c38d6c0869aabf995c276da2b12a27ff740bda7daff4cb09bc3db3c7d3c26d350124e1a86d1d22a4097f3b181c3fc81f2f51d25f62f1fba77972f8272f4846e527c1c2f8ff9e815eb9fdc2e8afb5cc988c7ca0805309835c9662022e4c8b46c1a08485987bdf50217437effadb109ab2340d3ddc1540ea7f0a2a0e7cc988c7ca080530b326231f282014bb809f0a432881ae7c1a5a07d7121e9facd2819cce612cc988c7ca080530b326231f28200beeaa7f3bac004a5c1ce69f282014c2cc988c7ca080530b32621d0675c559e082171d4e86872ddd135f88c7ca080530b326231f282014c2cc90c7c4a411d2db5987c83768b235f72eadffaaf0c9664c463e5040298599311871f89e28a03aeb8d8f78062b6030a6164ca24abc325993118f94100a61664c463e3236730b498aa7f2ad387e86271a4e7a767bbe14a080530b326231f282014c2cc92ce71359fbed82af192b431ac6d07a3c26ef9f1664c463e50402985993118f94100a5dd2c2432f1181000feff23d50005b7dc44af8d2f7cfa80db625e93344ecc7914b25fcec5f12b161ed48fa8fc656f6db9b5a586cdd86b7185080621c24d1e6b4d161f1f9d189047646e89b14c25bc2eecf23ef50ba8ed280566d4efca143ffdae14950cd45940d6ae71c8e6261237b2850028dbe17c91782f81a91f0eaa7b77f0fc7a0adc46281f17744fa4134f90648b277a609220aec5109f5f00401cbc1a8a5d24ddad27c47dbad065d0e66837996d40fb0c535de52ec39bc3aa88b35cc915043e3ba7ce7ffd361d400abf24c487ede15968f669fa236488acf5f87e88bc49072796f4778760705ca6142bd97875a9ced161cd0b8a633a6cf754cc87935868108726f056b3a9bb1c845464030b81ad022d42a41762849a1e6e320ce57ecb09b3222fe61c1597b5cef4b6682220cb3a1a957666c15e2b5cbfb87913aa16e99e1648649ffa9cd5e3ad7950c77f2c9a7773e136fd97ea5f722487a1ba17832e538089b65014a4b84c677dfbc83c1606362e82bbf3a4d39b37088db642d1571e60d571fd105415def101f64c7407f7473bc384d5e871f481d5c2c2a7b25f6e3e07529dfc8aac5a76ca0a261e97dd6bc48101846a6e751758bb066156ebfb372756a652763b07f1f9fe803066c2d1b3f934842203c2dd1dea800ef37ef44db95523a4af78c727ed304a720dcfccb034b5f277a07399c82ef15c2e5f04f0af4fb1257cc386f830f5cf2e08586da33fc3c0f7b56ee4cec4cc19ce570294bead95520c55c2d871823ac219423687b617f76de758ea963169b172d1acd31babdbef5779054294ad6878046d3761fdb97274c3af6d866cff6436830959964332272d43fdba81a9c606f752d4ece5eacded2be78a778ad885de68cc73fcd02d938681de4f9aed46de52d4c31d97a661e8706f889f6657c03ad0ffe9ad5ebd0b8b262bfaa55939671352e89ab8957b725b0054220064caa202482fd80d535ce71835a95c2a541739115c3a8017eb09d4d282b0812ff6f096631fdf4e2ddac890e7ef323a90c58e85d243b0d294954ce3dd0141313797a795163bcf485b78feb5d164062ba66819d18b2338e5598eb1d1cdddec9ef5a23ae162f3a609ce9010d693a401b8a037bc05d082a4da20e7874da5ce89aa8f2d416fd4f51e5f1f4ed0244a038d88160763a7e01bee00af2c3d3f468c8c8cf27b53650d2615018193a4fdab82766d320dfc76f443e9774f4ed7d3b5f335353b6f8c6473f8f6eb5af3b431093adccc8744a74049268cadd9072bbf4af0399280d88414e4a4e03fa530fd51beeda659a7b66c882520bf9dad2a73d3e6518cc271820cb9acf91914dcd0978ae7983364818ee911c9477fec37c280efbdb88e22ed32df7a9ecd51c08049dcdceb94e24725c3ef23391e9f8480b8d5070ed0379bc57870cd038de547f0faba81cc07e30cd0735ed1697ade68b16ad1269bbcb424a6bc396ee026d199e2b72821cddbc4f781c12eb5d2646128f325a4c4de52e89e17319882cda1713f78bf116ce5965b18fe99b669f67c81d82eb78d6a120df2ad091f818588ef47e5e87c6aa2801cc3e4abe8bdc02cfc4e015aafaec201ba5db8a241f34b79d18505a3819e21bdf5318ffa6bb85e6401989c17e7379b3146583e88ecbd3c7d18510845c1969d41ad9c20ec38efe55df9901ad75c1097121c7b522f743d4e7bf57f5279cda7f9f06c1bd959459bc05adad2bc7832d23cf72dfb646b31c31b130ded2a71aef686cdba581b7e4fc1dcb04a63c2fa7ef9e3b0d223887c6c43eee54f8c6fd10fefd795d8b5d4e8b9f7f23b98639b39307b453583b9ebe671348c075d2e0abec54de6547a946b6790dcb4fe8d35b5e9617fa9adbd190155c1b961c4d6bae4c98abfef1b174c91d26613284eaf118374903be83ae5a2f439322e1ad4f197c0b09024a6613375a076838ac8210e4f2dea9cb2d560dcd0d2659af0f313f67a16909f7131a2c20f2bcd29b20057804a25c2af30409e596af9ed74e76b593e01d0ddf7e37ed945a3d08f151712c7f438cdae0c7f3af8d763fa4df1987f8337693ac2e6c4552684b0bae68369062f938b00c782378f244df26cd38b61861a9d112754f87f7bab86072533060c1ad97c560d3ff1011d1ac3d94f95d2c02ef1598e28383beac7f177d57797c4d3f51de8d68bb19d46a495a8587321cc1240ebde313a6c661179d2da7bb3d951d8bd3a5478276f8ca8f0b2c2e601786391c882dd51288e7cedcccee07bfa54b4b28c4b38ab33ed6f7d07917869ddf87f018a5f42fbd476c84d4007c45ca7f55af42fef5bce205cfe3e2ecf1ef06ba2ce3264a7a931770f7aab9a11b26fb8ed30cebb50cd0f5cb15644054d665727fa58319cbde0546d06e38214190b598a8a9758d9392cd968d0cdadce88f47baf5904070e08a476061ee6d968b25506801b1316349250f46684a1953a0cb0031dbe341fd3d37acb68f6d83c8d59cf11c4049507001e690af9c1e35d769571fbe3cba8ebfdb5acffb1e8e343deaf4eff3deb0b39b9a17f9c640fd45b9560a8c8ed7e8196350d008aa2462808ca7212242b1af1efd48a04578aeb87ffe3747bc7e6f78c4db27bcad46745b237dc535832cbe9043fca0850d1e098ef965b75f4eb74ab59574c0e915134c5684925071151be94a9908ba10450d7ed2d14ecee7f37f51e9301e4026e8dbb5a634645d1105443008e5ebc9ef3be29b684d7dee8dcd84b6e5aa0917e9e2cfc990b6760105b263eee9471882cb5efbd053e1e2e3e7f5d1082c72c906f571f5ad6a72424c731e27fbeca3d00f6301d7c954dec0f15158a6a899df99abc46a4497ffde50f8920b7422a573c9e22bbb9519ac764750283e1795cc268c51bafe4875d745a03b88a5dd80d8ea818d02260027e9e25b9c908c9dd5aed49ed1745ae03f245ab3e0b094adde41e3a408aba4745e517fed7376c90614a810945e6813b469e540c81326d868cdb2566d21e89e1d0911fc2e12c305b64204296d2df21fe0dfe26d60beede79d4718f144b4ac63a30068d1cc0f9150f085441e1820dc0acb84ae0bae011319c42e00a59741d43fe1d0e4625280fd3b69d014f88d1e74d934e14408998353ba7aa019d3f1142c3a33ffb7eb020bbbbb80fce06e4b5e481a32ef358d315431a9250f0ed0a1816c7d65de892979e0fe7c0ac60cca844ea0957f4f7b87cdf5e5637ef3506eed64c2e671d87b776df75ffd2bf1c2ea0c2bd67cad00771bdfd3e78faa610b07385e2abc4e2d053d3d0e183e50751ad8da572b29f130dacda260b81fe6663db9ecf42e6f05dffcfbfc05f72fd4aec9c1b1b1a457ea2565e13414962a7e35b3ff9a0886c3d3d60fcb8768ae1bb92b7ab616473d15016a8d1297beeb3e67a1853ea9b8d405d6649c1782ed744c287b67c39966602e627cb512cb5a676ebe50a86f97cf2ac241f21f6c3a3ef1a28d175d7b835c1e0d58a74fdf3fcac3a16e770adada618e65eb8dd24595d52b0469fc40f2205e1a68899735de295f4cf9f636ff27e7663d693333564613b32a2c85b6f237b216eaec126bc73276551f8ad4b1f01cf756a8d2134ed01f3c6f53791df9b052d3ae49d341e36ddd6289de3fbc63f7e9d004c2839b058d8c6793d08a25e1e9ff12d5627425e4d864b7e3910311992ef462a4f3def069b3ef8da39e3fdd98fa8f20af473669301d0fcbff89f6b93593186d094d006d8f34523a66b9ea0ce4a6709741edfe592cf4e12163f28a4b58ca424346106cf66423a7d4b986b019bee540919bba46b80348749a01d051c6ecbce7bb99fea18f171dbd11a0d1f97f4e02ddc06d5cf38ccb2e67ededef32c2ff3e8c62410eff19894ad2a8451c4740d6b7892cc8497a62b3ccd2953a71ead346a30d4958d40f6b3c6e0cba7e40592446dd21470aa90344396949ebb2fc39207c5459e7bed0ab55dbd1b9c4eb185f9256af68146c9de75eafa15920cd5c8bda845d37a213af212bbcdf857d5a59e9813cdede2f1017488cbdf705a3d701a8a8e08089eeaa5e38c1dfc6b8058d4f745df034d698014aec0a2f5db542a478bb2e3b493a2ba2359f0ee7e63e47a50980596ada5cddcba583cee713e4a779916ef808c2133c5e1ba941cbd7e52e4286c448783197b148002068f1bcb83f64b0b03b7c1190823acf1018857b2146c5f14caea9a900ff9684b7cf4da8f85d872e6a93427f6e31541accf8ff339834f4006d085336e93c204f9fba5056be6eeb477b1a6c923aa0e287a35f411d83267d04ce941d3e7632e8d86ed643914242ec664bfb9f6eaecb482462249bdb2db7be744de05b7b33520e04e704ed1a38ac5daca1c834c551346f8b3619680351482726fbb764fd533aef9effccbf402b8370e98faeffc290fc42af4c7e9a2a962e2c9d178c38e803efe298ab38c6ffdaf338a78df43ca342baa852c510b27a6dd244341e36b9daa91465217dd2cbd60999047605c9df32ed775ea8ded6f315182685dca3249345f73acc74f4860732e6b8c8bedfbc34328b931eec07c1301b27faf2df3c0967c20a179cf1f5c6692d421f89bc53a805f93188a1a56e071a66349c2eb246597dfa848d533224f36354c46dd9fa009cfa784fb390ed064f6ea71d143ce3f8edd4810c8c163e85162c81adf3d465135588ff0339418a1f3c8c0fea94b4319b1406248d818710280a43d95a2b0c9c2a4aca6b72d87342d25137bf31c0426a1231ed38e052932d99c4762267401db245444b3a12bb27e61e3a4b62882a14989162d6a861e1edb30d0430c2b36430d9b99dc587e40a9f63b893b3f3e0ac6d357980896c47cbaea06d84db429f9f322daa613e5092429f3d93fba41027947c84670af97ca1039d0d4d7fcbfb76c4860bf1ca8ab3471d6d8306b5a8a26bf007c4db6d900d528ad20e3f01b08174e27783aa3d93e2068c5bb026cb1e0b5f942e7a7d202df5fbaf41a1e4236527abb3a3e346ff0c86655047b256b1116768afbf97acb5f620ffc12f82c28e9c516e393a836bdae319d883288cadc2cf0c4bd0fd8c83f17687f1fb2ee59aa8846745c02bddeaa769d2eefd9845cd7030d406a721705cf3240123df20284a7259f1ad6c74d9508b0dd20a9880edbf36b037e26d6c5ac487f2e5f033e49a0fd020ed32ab1ab4c457af398a28c7ae7eff178420897a57a6c57fe2d6e227db99057dc948017ed3ad2c6e73ced0a9ab12e0eff4d944666f59e877b983e398e60b38d666a830cfaf133ded7ab9a3755833723ae33744610039075f9cf1b2896513002c73cc64813f9186ab82018c76a173bdd26aea1788c40f390c206c8b613aa687275c4942ed84ada20ff234be6806e95d3b3bc80a09173b625eb5053f7de4edae79fff59c33a4447354f6280c54b2d19981522e03fc441bbf450b8d53a247d7df1e6ce779376f83e98f572b5592589f5ec31b89b3cbbe0262cbef0ad5bb38985fe5f6c9ed294777466e3a05c6235a7cb7b6d6df022d696c6a830f15a13e5571516f62134994e3f9d1da1628a72b36bb634562b1c56de13f7db7a0152a5e6e3953015b40b982a3455738b9663f8cf6c91f72e5bb0789b307925af6ecb2c628fee7b09927b454e9266180b69ddaf7ace8887e62afd633ad47373f502e43943932ba1a2d0af569e342aade2dfcc4c32c0eb70951f94fd0121237dae7a855e0eff92f1fa063c838c2d68ad72e1a192833c3b6e4c0823ee989bfef400ccf2c570bcec13cdd06b511c6282e10882c9cbf75cf4b83c915871cc1727c07fdd2890af41b268782c36c3c79775fad3d8eef1ed2054ced00037ab6d083b415079c402090e00650a1063f04e4294d652a8ed5cb7dcb873d919b4f90de4429da4b2be285dba6f0d3a246e393e07eafd59b82a6014d268da36a40575f44f76ee13f3826152f78d674617ebbbe35b0859faabf55d05e0649b66b53b204bd02658fba1c541ed27930e2816a994240a2d880555dacd5b7d0b2f37484b62d18bf178032eb4b1c02818e0d490064d015313174517dbb3dbd5ccdd6b9767ab349f34b7baf1a0bad427270aaa03dfad5de5b37e0b4cb481ceb9abc310ba092354bbc9607530010cfada5205958f92107113fe8442642002f1ff57fa77bd7598fbcfb341810aec409464ee8360b5664f145bd4cafad567ec9ce53b1347fbab1dce82cb1a85a103b82cd69cc3a4b9f01183fd1c84445fb4818b726c2334209f9631ccf7bf119f35a539437462ffd2377c6d0e8009d950d103eb1702d662a482f102493ca297b913b7624685aae4f037bd4167cd11fcf8b63cf95212dc0416de5ccb832cf9d6c5d2a46d1bce9393e18101007a672a5a7797ca179646ce58f504caff70009ddd878ed72f8da7b4debd4721548692e1bde42db698b09a98dcab865a15a76aa386aa5d86c69affe51f9c9da269164448ce7db90160b564dd12758e69d4e8f7b9702953bcb02c661a182bca258db0a1788b1c1da1871d5cbafc1e0fb69247230922c6ac64800a214f0f31269f529e069057d2f8692a81e3850300dd967f905b90b20bb171d1a1c29c7f556a828e62729508ce08aaabc6cccffbffebad59d14ae4738a8e6b8851340ee60b15e0ad1ab0455f565af0179b16d7bd81a88fb8e4bca53d3dc571c9f3740a352f974b6d8506916c1d7e7dc94960a1cd4c94eeaeafc4f70aca64b71746c62ef062dbdd3091bded890482ea5b64d03f623b26bb94fbfe1d8db9c7c455ad859eae049cc902286cec71503f2491761bc5ba86890006f60b971e945f11f719691c3b77618266e82e31017eb8aee114ae2e0630f5be403423425dd1508d88c1711716969e9ce464af606b3d7b03f58fe8efa5c619286c3298b50872f9e5caf14170d7e16671f5a536bf3e04da78dda98ad3a6b630ca84b6ea68d33c6f3d3059804b6bb0c66d8898839486cfa5d2823b9f34f0d0c2e39da9bf90f359dd87e0564e775161c40a71e9b5ad79d5f58fed519456161e5a33a5de94dcc3e9e839d3956826ccc1621461983cd20f49efd2ece822baa90e7f23588cab72188f2e90c70d69fa2ceffc3086778edb0ff7811b44b273114ec91cb2eb6fe5d1f415123bbafdd91069d240df3eb878e0993923399b5ff1192cc459d56370408c17614eb6f4c7c6b441844a5f9f1dad89043b69e305866d7560f2d367d3879f7aeef6e3755b644dbdda6ec57c17ab2a85c7dc0922b842e9f243cd794f647cbe64992651530c26e8330d2a98ca0b640a506839b0bcbc08d043f58887307a382712542b7a28fe2e9c945fc4332266dee254024735ab6b977f3c3d4d77039bb4d9a501b3a0ee4b76dbfea8db2c810a6c915134d12515e3c4b217b8d25a8ed1a72294272693ec9685f17e8095aa83244a8b67008a69610f9682817f26737a03e2ba8768e490096b037375cce5c51dbd9446e02fe5cbc0d644be6fe79ed26251d6196fffcb427bb452bd8192f9d360bf7b5b01db9e486431415dc3eb7fc29266a234845d05e22e7bfb97b49b46b5e50ed013f7a2142e47951197d2792f9f13a84b1f0936e105113c280f217fcb4a17b9ca45f0a8ff2f78ad6838580848bf60a012f6a0e1b92b5c20158d2d3d075a74e44521a65a568d17e15517b455db880af20cb246320c44ca5fb8f0bff42c0c4b541c7ef117bab0bb7f7fb23f77f33a3e9798c043a4d1bdd4058399971fe91b95112d1721a4c236c7e9d88893137db429b2b85ff3dcff8b3b05169476cea6ce6180dd84e2db5f5b6eb2ca952a107448311a786a8fc7e6d32277115882902145972b48bb9dc17ce0b83816759f7c381db6a83d97e7566a0f04e4546c74377450cc16a44463682bc331f82c1d8babfd36c6c5746119255f43f8655d2c4cf9803d52fc4446a271f18ca8d0f3e6c6b5f56952d1f874a688d5e6c55a80e14205e3cdcfaed06ae8d9c9e16ca2b642103da975de0524f8396a705a5126b39465ca270fe6430b17ea03cc754c3082e4879b7b73a1fd6796648419b398dd290050284461a9f37aa0683507903448b6b99ab086661f6bed7290709fc7a1b22a31e7c6c20e4a88fe3259ed815c2c9afb9fbee377076bab0798d89a30b40a1a1986ff99427cc42a19cb85ba8bb185331e608ad0e0221cd5dfda819dbfb16116628803cbf82c8744d19a6de78b907e4b10c562c5e0a2124a80aa0fd43be034b3336a41309bbe20dad1175fc84ad8d482e5d4bc652067a88b91fcd3b79906b7dbdb74ce9f6673a4b55942e8720bda6dbbfc862916a8971886cd9bcdef5aa4a3e82fb7a3b14fe810b24570a6f589118a0872e31d4844a08ad403963480fd4150208714ac669cacef4bcc289ce5f2eb2ddabdd38333756cd89703ac1567b2f63355c53af1dd690829952b20cc6aaf1083de08f11c35d9a0b0b873806554da7bcae17e29a4cd06b8cedb440423bb5450c84ac773ea85526c25031725a8b8ad014375296244f2d94c0bdd1d4ca90559d83fd369cae6dd82b953ab1d8653aaf74729e283307df1b4798c5a5eef774f9c17c6b7a91aefa83c2debc26d616bde6847e275ff2e93504c83362624b2f41a7e6445eca11a76bed2efb855e8b8a0448031beace597938e2eff167b08b2542bdd25dd84e9afeef1f74ddd65223910c04be204ab783c16b58538326929c53a63b8ebfd588a9e867ab306cf09d4e6ce90deaf9776f396469522f598b51b39b73b9ad5daf4b2cfa620c02df01f184eac698cc36656ca909c7b3860532f603da8ee96150b5d892af01b37a1d438f96ab85c9aedd1b6bd90f16b914eee3e3fc55154e8f9829a4d5e79e043695729886335286e4c6b917ff6af9204869fe65f3a3412e8567c4a9c27eb89492034ecf31729ff3879c3b8f6200d8deb2c6b4054631a85ab41f2b49d760926621492046bc62028c159f2c86b011d8df48efa2cd162e00128d87505d3bcfbfefadf54b2b95b3df680d3183a1c73a5c124f641df95809f758293100d6301d4138bb8bb261be18bb769e45436ad997113eb988a1b4c53a58ce57ad41b073908c78f1cb657f36363463eb9efd03a48b3e14367ee59c877bccd2f643615c0c6829527cec8c96286a6f6875ddc016c91791482c7493dd7da1aa1cb0ab3152c028e7a1946aba1cf6624e8cfb78f4d1e5c77ea762e2e3b911234c83d5ae025eb481152675cd635cbd526a1c845076a3f6e48c0b3acc181c00134e950d4c73f1c0edffc531902bdebacd82e0bd86e148363ff4361be9534d26762b2ea5ee1d32d7abfb365546cdd48fa3115385e744b98ab4c3fb1a9ca2e3f141d4340e149b9274aa57ca149fb0d8c9fc24b51b06faed6ef542ad8dff86f1e4206f695f890a10529a72ee1271df15b094933f92d80c97c830d2b8956c63d9e9ff23d3d0f53b175e0091361188053c3a2af3ae76bf84772957bc7804505dc0a65dd381de6cdf6793a2918482498e0f0f2ce76760b21f114cd92207bfb0357938ab368eb889e909776f817b61365f3bcb02ecdac1b931b9a8081f70f7e9ffb2d9b68bfb775dfeda15b7e34e2b0bbfa3f93095d3e26ecf1c2eab88ed997ea1743d9bb6effc86f86fd1bc4a221505bea707afc5714cc0a79b07051d115f5aab4baa6975b4013df35a83808be342cd77e5121dac4830450bd2a7edd79bb92fbe46756c78cc1cfdc2c8830c3a57597f3deef728bb9685da8e7ab5b144c29e3643cbcfc41c70b29374d6cf8e7c5fd6f32e5de18424968e8594ebf05b6ef2033e234b16741dd0ddbf13de839524a3382a76a72b63ae43c8a9f5b4e6818c9f4077dc925d4d7946f9034b8f871a4381f5baaf4ea9510e361cf89af47a535b8b4d3bc6ca6603d74df17591e0dbc11d86b7fa7487c6f0098e6523746555155699fe49a64a79d00c0132311535ec998475c3ad44e094ed1ff98aa79e8a8cafbf35220837f6d1983334f744779a0530876ed409b95fade3c818fc6fd651c175faa88c5ab60b41a664518c3a8e0e858ebe0c4a7f68592972359ddf4aacf4e1d452322104244e5ca8fe915c51a6da752023115a3500d471c7ca1ab9198a93791c507e4e60470a8c3805d4580310f8b9a0d7d676600f44de23ddb79e38d97f132797eefd806ea01cb5b7a0ef1bc1cc26bf8c5699ae57072b58b510bab8d72fae78f26dfc9efdc15a208684275bb952c8bff153715bf1c05506c7636d75aa4c847166c7de95dbb49ad06da36852a268fc895ecc302ec6911132b0056650584e28b5d1302e6ebbf980f2fa23254358a1401729392b3cbf04dcccb1bb3cda5f0e802504f41223a7bb583ff6fb8ed04fd22e7dec82036e9a64219cdfc09aa632c0a1323f4ab4f12c8bbddb07b8cd4ffa10259b95929c27948dcf19378e1ec571f710fdd733e7ef08dc90d96f4e77fc6d5bbbc1e7865117af8d09a50f0841a79c2bf69fac3b33c1d86069935eeefb51c5b4ca0ad7843e1e16e7de2b6bfd52d06ac63ebc8c4b2862fb6045e875fa1f037d469bc5d4d3ea1d918f38a444f6804105047471eafb255f2b32aa3b4cec8b587ad42d52fe49299416677867d79d3c684f5208ea4e5acfb4d1e9fca1577f26297160a00243237093d41379b5b27ad824b958f1b50ab3b39957e053e1f33983d7713c3de4eaffb247b7db21589ae1c359845f44d44680f5b9d8a534de01a4197f5cd9e52abed94635f07ca76ae7332c9cc0721b785cd66241b5fbe697c37257ea045fe19dcca26d3f59c25538dcc59c51270dffe4b3c4a04bb174b1262a402b6585a0f81dc55b0229e6f19c97a07ee6688ef1f623498ed3759aadb85a2864218867817d40ca96adc02125936a42403bcf368a9de9f56a90e5bceaa24b80dcebe56c2edc1589ae8a95fd684121360fe88cec8668988af8359cbbc1a0a483144c81952dedc42e01630cc0ba22c6509ccc1f54f6c84e8a99c121e2a3e63e6034daab04dfa74c1f881b0e4c247504d13eb970f329b44b36fcd6490e1790c9916fe95c48b0872ec1a71394ac9ec07f0e8b7462c5f8727f1c1f2fef6f8053e7327ce98314ef864cb38c58adb4e6b2b7795639ff383e90f056603660319bdad7f20a11973ee074714d708880dc8c5868ade41032add46d778382ab3dff49980af24d8bea9f1df777ebbe998cb2f98c79babd8e14f53206735ef9218955f9e612e072e23a6807ab6452898720cd7cd774561fc1853e208e2b2d997e93aab63d0aa72415e614ebb54cfebf94106a44487e2c0dd31a94add8460d54286f8f3e5534a399d8ca350ae0cf6164518a78f01615d58625cdef25839a56dfb76935436becf4ced22633da569038c7d3d88fdb26cbb341e5ad3ef42e95ecd9ee7b1e4965de12649bce01e8c8707032a866902d51f15740764f53b8fcc1c1a0b1ed8c61eb07e0ed87744c0b8a75da8eb3265c2d9ad9f2a90dee98b585508e8b2025c479f09847fb7a25d88bfde2ae553b8a67a1fd813fc5856231947d1805c87f81fd69b1c11b5cbcb997de622a1f8c6de360474770a676758d948feabe98ed084d785f537a21b56c1aba574feeca16197ba62ebd34d440901ca0ea70c8144751e1dcd501c190aa58f0899055f35dec553441fbb0c83b12e292f436048e3c8d9007e7a257b0a733834ab9055782b74bae8796d1c64a83e8816c617c6f9ceac3b76940812d1926e44c2d36cb187845b1b03b223e6f1f22b880a6f141f1df3bb0a644a23fc5d562b1be8b5a5dce2905576f796f24a41d5c8496d2e55fdd70bc0b26455e18c54821dd2d15460021af80dd53b8bc86180937cddd8a8e395de844370731a54745d368549761d59a7e5420b42a7319b4e32f9b6d0cc76b1e2757b3ae4a914b294b140d5106e0331e7c1208265be6b3f2e53b40397c416e75740d3cdca7626311c6fd2b57d3d449f200b5955d18137cd0c479bd148e7ceac1f95cd5ca9acda09926694b9485830a7f43442afe3a5854872ef6f7e4d8ec4bc71bd98e23de1cf1b668986c9359407d6760f08622e11eb04359333982045fbbc5c0c330b7052f7737ef69453770fb5998409bb8d31ac3be3f8d3863f71b9b540420b4f72d47584d2c8096b7e7d29ba1cff334aea3d7a9935a95c588a42bbda16a95dd2d9dfb6040d31b0203e88003071669c4d1e7599f7699cd880be5226790a41552b6fd528ccd5dd1c2a895446123dd5d15bb94d60a255dd7f3fc36f2cfd8d49334ff8b18b120bf9a0be554ab33020960bff79c1bc6bd1717cbd0ed72ed592978ba9314661d947d1b0c07fcd3717aa64795795fce84cd90b822ace5f1f4104c158077bd8456bfab58244d2d28f84460a28847a682ad56f3f2cce75369113a0ce6c3694ae891cf900ffebf9378e0dcaa31f1ada0480d0ce67ff1dfa2c0cae1ccf78c2a2546bc836987f9d9df0482fd1dba7a91db6d198e6f229d249b826103361ab00b05a5638e540a10e2e4f56023b39d101247b498492b8a6ae9dbbee833adcf260cdacbe997b8a760a22eb11f26a61964091280733413afcbf507ad43504456695565a0d0483959ad5cdd43cb34ad87d7cec7b69179664330ad389c8a1ab030c4b701227d15bec93ebc25d45aa49f01ed0109e08e0015c8a4b32601f601b77f85f10d647349deb645a524ebc38b0443d566622b6e559e5637535a8d3157abf6369fbef5fe5d6a4ffcf4af4a77777460cd60f2a79d2fd80c03be9ed31cdce929cc4d4192a09738b93e05ca093039dc9c87c958a9e3af7ae567ae6b98bc9347147766f87106e2aec71e885c3e96b9b02e19e98fdcf4dca37d3a0d4c06ab17daec4a333026b710f84e7bbb4b9ecf05ac35dcbe8d5a7d5bfb431124d8ec31cd259f38712076fa49d0f928bbd0a67d5cf55113eabaa63bb9fb10fef83af36d0106e1cb7089f94871f32abafb6e5e6840d24f33add39eefdde1aee6ad0b5f59275976472db3405548044a0b60c935b6223e9ca6c63cee7d8a4d7c80329ac015816d09f536152d76175708f04de6a1592d5f154cb343905d98b581c669d7506bcc19fba2b0fe98910cde853164bf2ffd0c5b473dc7852d9c8e33c5cd9bcd534c5f6dce8486d7593ba6808e49dee23e64c12495c39bfbcc3599cd5af1f7203511829e6d1f4df397ceef89c44a4d0839624e6234688d68a5a0b9236ea5f0ec17baeb5273ebfd64d57589d38ce4760dc970e280741b39d338a4f200a8adb2f0d7b28974a4380d422d97a2028d663539e9b89f487cbcdd3e38c3d3757f02617320431d78762e2d0fe54696c51ba68a83200cc14b3f5ef2493cb7bf064241baa32f4fa5a58e0435f989b680743a7cd11427a15047d72a183802f1cb01586a5db8025f4c7eaf8115a2af8a9875063632dda627522a85a733bf9c6fe66d81d9f00fc262822bbeb20b28224856e37e596069f0f8f6f64d60a9ecc16bca7d8fb59567afa549d722a4935ae7d8c02c58a5235d90947d27febe507f42005e84ad7568153e09f4ef8af740f1bd948c5e68d87f2e614c8d61cd10342e262584aa972bd8ff32a9b83f69418ade5b0e624077190caf983ba3378b4f500111d98838cd27ca45188bbe9b7a014fdc3d8205ee5de3fc956307587e313bb044933798496e37f54b49911f56a573442f4eba5dab0f81075c50eb99070898e8d9fdc96e18bf614c6da3fdebdbfd21398a742b409fdafe2dbb56893d2e7f4a8f1e0dcde5b2b04df7695ca7bae395aa30bcd40c6bf4217044da7542f65f108cbf542f1f049cac73d1329cc584b5a2eac186dba6894eb596abfcf8f0a0f775720c5da59da51769628302200dae391436dccec4c14c111d7a2eb9b99037ed714ba1032ff0276abaa49faae4c62ac9c4570c77ebffcf4707822e810b1d9a249d4a200003f7e4fb43b8e1be9d3b5eb173fcbcdedd93e97fa8ec707eada585272aaaeb6bea6f13424f680ea3caf686a1e3b2b5fc3952dcbfb043786b8bc4cf0a83043b6851c7cbaaa410ca99c68eb90105aa5a4c40fca2e02a03039fdaf341ff9e645db16a55f52e8db3e8d06288e2683987ca9fd60ff18ec0e0605cb442926aef00a57f353530dbf6396050befbc5c223a66162ca02ba1449e10d5d385ea53b7a39b6ef14a9fb7ecaac1c29be4170d8b47eca3b28ecf03dc7f16c55b0ee1c0abf5ba1c4238f581dfaad92c2c1d6e2dca186cdd7b086f41599fe96d0b476637f40bccb90e57959d37c99e9630d4897c0601931ac473a60311a81012db119b154bc44470de3f74815dbd6864a34c8616f8df2d1103019747e4ce0df2859807c7a576799ad3faf1fb80ab810116eeebe8e38856f33cb76d928f754679bd0caa3e6d48bcc522f1a8245e8170028e742f40df98b287bb20e5e0774a8ac279de7cf4956ea53a33032af44c1f12aa44e7b10bd1bfe56cb84cb8d4732fae859bece4786b10f780a34533b15379f08fe7f063751f86831fdfc9d24e3342524c0a9e0fbc4a2e36e3af8f6b203ba7186bb04bfa6b58b519049a4b65d722ad7ee919bed9b7962deb8d3d8e876da6d20f313f70364e09ee9ada80c4330cf85801dc2d8884153ec11ed7dc1d7670ace2acc592ef2acf098c3bdc4cfceac2c20783bdf8f25b14fb64d80d10068073fdbcb1f80422437b099d82612b8ae2607fcd0adcb3471c7114a11b034aeeba6fa995b0821cf67b49f0419d520f01e2389bae22243104275e564f319f968c10ddad0f0e908b88450776bbd71e683ab8c1fba4fa474510f173de6632482186e2afdd1df3e6acc4fe22d62752391edf5454ce77da807afa3ad2dea097d8db81f3e91a97cda38e280a5627d1f330636279429dcdf549fd22cbf771dbc875974abffe48fe0569afd3647a22b46e767a75321aaf3ae88906a8004866cc726f40f427d74c817a1bad2e7e2513f5e7569f86bdcf93658c4b28a45a24acaba9baad638dde06c2d47247332ace300d1cd3a7d1624b11af11780a642c55c2a11aba8c533d173a18210c4d15167082f9f305fcf476eaaec4999ce552037d689514ca150a6771c99bd67dbeb215e49e78b75583f4c53be48fecd2c936d0f152b7429d26e879b030b925fce22d9d519323c601fcb6e24b48a3d588d8b9548e7ecd036cba585be051a79cb1b4a4afc2cf91324ffe4559fd360aff451f6b952392e2d9b1eafe33ebc0ca46f75546df9a3fef90fce4db5dcb9c78cfb2d8c3a60b47440955f2000e8e34cdee11a87d628fa4aeb871e20d155331165b29bcf13279e1bcf12fcac3e2a78611683509990470232caaf745e598e5ab6a5363071304354cc4c0e2c68f4d77d9fa237b92d2dd43b3a0f6717802153732aee1ed506ec028641374b369f0abf7a5c145a6b5844760f1f96d8ecbf55abff396fca78a52697f04eac0ff3a0c190883bd8351b0b3fffb6c52f9e7dd212ba29e570b8505fdf34d2befc873a2febd2c7c36ee9670cba2bf052e65d8da42de6b136ff2b3ed7306597f6b1374484457d82aa71e7b8c7e08f868b087289db2376c2702b46e992f16866b661b4d8d3bfb54c8e421939017204bf27ec031c1466d202c7820154438ccc4206a186fe8c644de162c9dd158b914abd7dd0748a83552ea89b7128bb0313c717b34f4b0e7baac4d41856730c3eef7859cf44b6fc7779bcf2cdbbc84093d9f69d3773461e3cff50c299771d8cce68c03c856bc50ceb61bce6ee265a3ce1c7d2892e1edbbddd5bac7620d8b4b372d9b7083bb930660590d527ee7ecd7ac4ca3b276d91ae7b05ac9d276865ded305fd40ae678caeb1025faf6088baba9efcaa1274432fb64348dcc7918a54a38ada051afdb246ee7d2d58f88683fc621f8fa976a2854094c904a22dbe843047fee77261ea548db6f8816f74897ab9201b7f4cb522bfd6e81a2f012679094c1171e6de74ed95edebe3859b5e879e4feaea5a28e1d92e7887685424f3cc2d12c6097699fc447da0c5f9872a9edf4b94fa90459e54dae7bb96b5c85c0637e8bed8b84ffe3591dd3a76fed916c190bd008e35cc32a9ffc491760e7f6799702017748158f836acd4e0e779e1642053a9eb22be823fe8776ffb26055c1860004fae86b71e2765073466c33f3b19e08f219fbfb296d1bdb66085b6c3b481e96a4326fc7fd97fd7f4c3a5017bd66301635127448e64df9105828881aa7d7245bbdeb62a249e7afd2c6294bbb5ee9bd401f38eb97d3aa11ec827afcf57115e1d4309ace4aa478fbb095a8f5c4537df5a5b8324cffaace926669363ddea3f2cc5cd99238ed56990fb4cdd442d7f66ed4528a7355354eb4f966b52959d2465544973d7e6111fbd778847d9485357e58687d8e5e350f0c03cf34cb306afc28acd1ea4fbde959cfa4af22447a6479cea5f606c7603fc622e34f277f33e0fbfe93ff8478daf7ae77de5989336c6fdce06df4b7d0a797c4836372271c1219500a2601eb17bd4f1814e0bcc158b170652231a754d3fb3ddd352694948aebe8d9a3f5e98470949199922a17bd31cb0ab739bcba99ec729d817b24b2e46a9e92d13c7ecce1e7e8ff173bf53c9adbc57966cd9c79b771ba8bd922bb433c06ab4a2c06458651fb59f235d58e43dc822ab7a826dc872fade78243c5dfacbcbfa1c6d466bfbf4c69541508a93317eacbeee81ecb1670e8b1b7b4ec276bf5b7666ab0b0d11a1894501b55f622a7ccb5bffb258f3b5cc3fb1cadd861855573c50b1316906ede17e1cec57fa950355e7d130889ac96487de44b904945a6d7bb19c3d82b74e059152758e48f02b364c213c0f0da2c7e72b552cd6f6a20d9a5655e34bb90d469b6fe10caac34c5b23fa69b63c06480d1d2682940e5b959ea3120de0ebf6b7692ffc4954f4680e10608137eb6b92813690dbdcc800296e4d2a5310f14a37259e66e68d93fda139c568293e643a9fd7f8b8e0a5db53b4f42081b375a674bf998279816a64f38904f840d198fc641e1523638a3d9cc7a0c4e3483e5c69b844a551d5d6f2c1f380b31d4dcbe22ed2d11b21455fe33c44c768af57d78a3218b89d41a50ec74ba3d95b2e26bd86cdcb5ebe93871534349cf08eae6fc8ab32dfec0173b2b4675843612bbce0be0e3395139984d7d755879704aaae9ab31e7ce9b3413b8ada988010acc3728ad0d0f273303ba296f078e3c9d4f621ac0500288b558f63c92b285f560655d66076ecfbae23a377a5807987ee119d74d14afe21e635112454cd19158700a4c62cc8cece284e086876ac2c644cae00fb87a390fda91b369f96631bd37806b62e4e0ada8c4877c668e51f94bd734b619c95e8e4a6b4b62e65bb0b4dc6d012e88ea276352c5eacbdcca495332c9c1cb6ec76a5d3f0ee03ca0fbe8b15650bcded93a6562fcccb9d3e5a8c29263d8bff299e87ad861918b878410921324c4327b78d8188150b7f3cec7f20e67b8d5fc45d18e07cb202eac178bc131d66bb6df259ab2cd8d86e3778d890c89b96906c56cedc59cd1f7897ca7e739d30418438c2889387574722a47277e5339d791d1fe6f3090356a580dfb868d41aea5ca6109157504f69f5336146ec128e9a285bee832af56d6bddf88c688ef89a251633eabb0271d9219c89e181da18ddc2cefa7cbf56d6428b389b6c4c178832907f59c9b7de94656a84c1737451f8814217c065a7e5a907472802ef707fd38c101ebfdcdc4de4afd5ff614ed287b9e11439e46f976aa937105307a729a8f671109ff9d3c7b0ee13721a5a6a5b0f35010f4378dd6af3fb3be1f2ac6f58e10ea2854d0fdee588ce2a8a04fd126d424ff5d191a35a38beb81c0216788f2dc475947a29518a922c4e396d587d2fc291db69dadca4bc16da685b4a6334e1cda6534dffd591c642cc225a669fa2b18249f2d396881dee657d869a14ec0753476df9ae00fa00c6162dd1d421c8381bcc659b7b738d48b8b8ca19318e894b796a23ccf98b6f83d1b4b6091f72eca00c06387c0526f96b8d9e5e23b2c9d547e905a2d70a4b4f9b1663b80b8e2c39cbf20d1ed54d91fc4aca22c42420f4f2d137cf67f7936ac89ae3dddaa09d7beebf28ad5224de622811ae90390a3e4968b5f04b10a19fb1e006a7d3456adea5f9790e012cc7aa2221a4b1dcfc0965a9865f1759f8e9bc1978fb4fa51f9477d16294e9c4b1d2ffea4282b5c31c435f93a0d98d90c0d9a5704edc3783bf81eeaa3389e21955b276ead7339748106b5b8fa68eb6b0bfbfc9c513209613ac3a8bca8e9805636b282f1834b34ef8a4c398d030e1060416a61ff72fc96ce08921731fbec1af16bbfe22a216103a9a00cab548622538fd913b670169b7e64c2d653ccb4373c02741f5d1379e21d92e23d38e52e8e2c328115096ef1d069dd8b4300d5307469fd5b81d4039e3885d97f68cd1a772fbf4a1d964006d6bdb89b7c25e4c1f50225f101cb06eae582973bfad76d4ef19e6fbbaeb4f8a00eaaf3addf8f902a0fb63453fda7f1b285d35a745796e3b63474023f19a3ebc846fe27e344b35404c1b2d56af184d1cf0a2c3fe1135ddf4c97d6c38f4428f2fa2c23c8926086048e76ab8f0325c1e9e7275ce07428a1dd6b13ac76a32238e4828f3c21139d1b7489203299d6b8b8a4923982f648639b5548a3f071fedc83ce826c6829b5f1caa84e62d850099c0668a995938d1013ffdfcabf81a0cecbc647a240eed771f339554052272819eb1a93df80d70c2aabdd36bd0aabf2961e2527fd495c5e592388ff4c54b7dca0bc8ce0b7667223df3ad9a7e49ff3ada9a798a36dd5c0723b42aa164fa5588dbb79ace96f9148a259e79c822f362b65e4bebf537bdab94bbae71a97e2708798100cd3945ee49ae3a9477e2baaea3c912629c0dd71691d84831ca085c8edeafc3675b0ba44bfe7e1abb91c3731a4438983701107bb0539efe0dd88037a5a2569c8814ed6e62f5424ce550533bec296e9626859d61b1cbc2ef6dcfd6403a924dc294cbc291ede8405cd3f87a245f869463847d13eb1e5d1b28904dbeaaa9487506b52cb7b619587c84afc8d28e915eb56b4056b7b3cec248a5e2f564795545722a9aef7393c14e04ff1820cee29c1f070e21a3724b15622eee1899714085c6e1cce1203d3cd27b05f423e6f24b2bfc82b7bc574567e8050a67d485abc6c19821ff97aaee2566fe66d0e8be3a1932291b6b30aa266527292d4cb4e9ac49bb373cb3e72c3c375eb1fe875958789b6d8cdcd82524c786900fa8e96a95a38a070d7bfb302246f444ded4050b1bed9e05a1b1367ed8f9b4978ecba78ebb8d4509c1d427dd166f43a1957a8be60e026914113d6f8686132c46ba76322f1c399dcab5091d4c463eb82ba8244686a1e4b36a31d0e0d8f6075b50604121c61d1259ffe67f5ccbf7f0f888e512629d7e83679c1f7cde132cc0bfa63e3943060822069eec3760832317016b2ae22cc143b33ea1176455cc0776f8320006d71b93035e07b41ec25b8e13e61c95bf5b09aac48d1a757b68420126ecef19c92ee704fd693cd6d0cb944fa4262e0fd35958e53a9dffee1a12bc82794c2cc7f210537c78f52097bd577992b0990f6c7ecc8633907a7542bc813e5b3ce1b00d24dc27813a6754986b95b5db91487a3f1b087ca4beddf1c0cbf1a1633f769e53bb3256e4af6c05d6d1d0d9fcc1a584cdb750bdca062d005558d9c2aa3b9c3ca53d56d13307dee8b370f022e3a9e7c754b6a152c1a34a4b750796121a4d0de24addff86bf7a1daa295b8b0139a272e38ecc267927df0d95b533e00a58d8aea9ade11e7db0b77ff9ab728bb5b5d4b40d2e961182d32848ca1277961f84e91540a74efdcd248946bdbfeeecf673986c82ae5744acc9a9cf689dbee4683d4a5f185a90128824fb065f1ecf9303ff4aa916341d8652d4b7b99b18bca8a68ce250f19882313a8a45d417c9709c5948e15fc251c12934ff755f10ef6da000043bd56d407efbed42e5fa47aa534202fe809cda245bf76acad36d992195520a600d2c7875b696e9abc306b514dfd71030b4140608d0afebf97bf1d28aafe5a17cad3a2040025415fd5c7600d6a67f136626b23806f0c490214678ba99ceab812445b76fc02fa0ef5f98dc0c23527eb92d753979c89c8a508aa3e17678fe2e9fd3d16fda8f7b96b5d23c34932104b1e14670db98c7f6b1417b0cebe5fd3a21ec75e547c691a4ccd04b50a2db868801318b7d1cd1022a1679b0a1d3ee4c85875ff5b9c7e8f648fd4636a4c90c0425009aeb4e622f5c39ff54665b84f57575003c1e2310189005e4b27fc11e5ccbb7b70e58c1128c7fad472cd44bdc181e5645f8c70aad8f899ddee7e87fd3c6bda035c42d1103b66b6beb428813bea23d8754e6b81e44c0d3299f8086fe83d972e6cb0509f46a184bd4a21fb0abd29e0b8f0402d1179682bbcf2a0e95542d432cb5d8fe51f034c3f28fbb1116f3d2f12e13675063604539295cbd302c2da01b74e3e0c5e1c5679663a02cf74277762f6c438bdf63460b7b0e430ed72c7d053f701eaaedf581fd40a0ca6ffa7d1c2800679815c9f8e962603a646260ad574d8d040d10122de756d3f8f3f504fb4497795c50f8672a70b8be341880ba2f9b93f71287f72a0d0511a8c9ca52a046911863815cc2b2fc24500d02a0d9d1a3cb35f3ef3c57102d4497d3eca73b5063233d11efa0504f3a7ede5db389879bffb5ee051ccabefa409fe26825f328ce4f6744c8b9cb076ec8751c15bcedee540cc277ce2d565fa381384065f68baf303b9b7f7801ba4070239b0ac7adde40aad12453f9001445c8f962b1c8c12980aa2f648293c4ed6e74be14b884ede245b1ee38ca7ac290a34b63a136157fcabdc0eb7091fb9a0c4ddfa2f51cc43da6b4a73c9a47c2fcb80f4b2e12e1e415a3d0c1bd3eced0e10dd84804ca04add419b5e5e063a1e6c13e80b7249086b1b2f02e90826f129cc9d3de3dae39e26043d860bbccece3ef1ffdd67b0eb1d852f1315a20648276c4dc45526da7dfbb3535466a97317b6ad0687a75d684d1d4723c35d630b8a3ff2e5ed91aca4cbbe386f90f6219824520fcd00a606116646cc98cdc5b76d796ca4cf87f1dc27eafaace54351a655afcad433dbb2f9095882c844ef49e9235f8cc942360d1af0184d14518df4b7c86c70c68f70fd733447f01a1467436353bb63feba76ddd22991b0685a408cea4c39102d0383bb458035f5cfdbfe25dfb1438f69d26ecd78f328fbe84a3540c8933da8f527142dd0fc61ef50256341661baa0a8604833143bc22c3473bbff77c93a2885923b6baad4cf3b9de782be7694c6ac2bc83766fd2fe651e874ed2ee7a3c2411986e42ba345ff528a0825975dd31bd74a4a552635820648517e0f17d7413fff35fe501346059a8d177bcccca9489854fa41f77caf0e81cb3da49b577d5d6cb5a4686da0d2bf0bcc3ada83c871a079d067d0e6aada6c4fec48dab21bebef2f442f70762118339457db0607ca7ac575254e58d680520692e3f6564204a72cc7f56469ff7a1eff3c863798135998d4fe0c6175ee4a6bf0624ecce085b2e0b93ce57b18e42c4d0b76566fca832b79ce8f61dce26abbf824ddc0d670d3035259fbdae19235f652643671ca748ca54b96d9ede0cd04b8e1f256022d584976fc6f2dadb3c509934bdef56a8674a562a93ca8b6c0221d4a6b89d943f8c35d1053059eeb4a053993ebffe8c11012dae86aa0c3a765a7f73444700d81e044b2f9cc6f9444408a7aee13cf529e3f9bfdc06294cbc4f1a69a05705eecc8e7fa60786e4a9a58427c894e29d9a1d2a0fc3792333e6a9218b0b848634fdae742335ca55e9049a72c96cb30cff2a8b642df467d5db49497a54102b2a3ce13af12c12db4dd6e5467dbe5e74f6f613c63c8caaa40a6d6cbf22245f5a337a4eb32720975a0e64f428c51781db64b5b6a93d0e447a0996ce70ba8a8dbcb7b2a307003c62845326389822cb11a4cc0e0926056b80c53bc56e2f5de87727b7fa5c0752c231ed9eb27abb72ae8922c749ecbe5f429d90b6764f89e38e10ccd9ef99f493cf6813c6b4359a45646a83a430b032409ba147ad9b37982184f8af8dbfb22874b43196096b7a51abbc6c346845506bec1d6309c8fcfd4cb249821a2d8b8dfe867857dcddaef77867dc56aafa2e262a0eae045bc7b57ce3d35347fc31dcb7448bb23b2885afed3435f568a7b02642061a5c99c5ff93800f35df100361fc50550014bba861c522f90c9999c1a9666dfeb95c848530f63ed31e22872e0d096961d328df683e4f67f1893b7bbc9b50155cb0b20028be6d9e488ebd830d29fb2dcf034f0544b63b42463b038af3bf98c2644215211df70b2fdc76a46ddfa49e164eef63c94d520b469a80f4c07898a0e813b1322b0b0839dab9971216e0e34c73a564b0ced497874985d7d146329ac660281d0f2c2686556afcb6233ad6b8ced989e9d54e84f0b3c71c5720071bc45eb0b6e87d255fc5facec0759fabc806fc17eef583cb2316239be9cdc1b77e783650f94538f0b4ce76117cf1eeb3fbea78bda5c89f609c4e80d9120b16a8f74d1bba757e1ca3c13ffd21afaf01ed2ef19f6d3ab07125957df6116eae475aab0199f98dd50316914316eb1cae3b482251a548e3a9eb97fab2e91bfba1f9665d814e35fe846ba6ec72d7a5eac3b8ea9c4d0702a412389f3dc9960a44d53ab1f34ef400470b7547d1e236aacd04a1c9aaefd2e8ba7c8a33614ca6d52a58ff97a35ad4b68bd158dfef7b8dbe578f4b4bb51155ea8f9b6d4a822f7ecbaae182cd561aa6c50553ccd90fc0577f01bf37c010b02551c28c1e08775f49de71582a19b2036ea574b4e064c18f540d12c8889e5e74fe1a8afa081eb9c5ada9645d2c0531d3250e9b002e1a4a7e04c23dbd43c9e0db4403348480146f1863fb23c3d302a1db6ae4abc9feac0c1e4f6bd3c18cb1d3ed7a337ba4cf6503d644dff7dcfa1ab8894e337f05756d6e100eed8cb04e0dbef142ae54c6595a5cd23bfe65e638493a1dd70c11bfaf690138daf78ded2ada43b34d8548e83bc710435169decb22cb92559e7cb2b4bc21d8e4524e68f810e227f3981811ea2b992784753e5eaabe6881e140d66a334355b92c572967c6a561ae8bbe30f225bc963dc8b80987ef95fe7c8f41c5355d7b9426c22f59e9b31dd5cf2c0221f00f6d6c8f1526882281490e919a2b75709e108a32b2729e3622e7b228d22840caf1feacb7c5bc0c0dd9a4386958fa92543a0e53f3a598c07efe97dd8156641c40edb84b874f1d99572916bf8806de9b78604fd1553d9bb713aaad8b8cc6a875da771f87549d8a467f67601bed75c43e5446f370ebbe55a325794f8b5b332222e86ff02bf6d0b00bd05ffe816e85c5a87e41a96f57c8aeb3d257e5d7f992a5e10e1bcd44c92b7ae25a84f1e7f89b44ab3d0e214d664ec98f504940eafa53facbaa4bc96de3a1746fbb66af239fa84fd39ba2a6e7f349d3c4513ffc710aa4708ca11701df5aa94a119bae4cd18d55acf4e015a91a6c17efd6b84aa409b8145c1cd76f6880d49ed19a14156d70e20565b77c2f8c137b81be2d7aebe2b0379bbc023c315e0757ddbb76146a84e3de46146339ee38f6e4e2ef7d3d0335e6d75a4a5d004296733f5ee3a973f98349c17bd05a5f9c4ae28bdd1948d2658a8e00ba8ceeb5d30b7e073704a56eafb14596c9f858f350d1fcab45d31c459c90b6177f9c551d2ff2d3217f44ac2683d69db4cdb33e8413c4a860edb1d35260b23fd32c3b89fb8e3f7b3fe45ee59f86e81825f0035c9ce66cf6a5cf38c850fab584c581c9cc9d1dca9926e4254748f089ea47ccb18f4df1231694978bbc9f1dc6b3946324b445e18e7873bbfa602df4dac6b86527e942707ab2f660c9202b06aca56bc3edf1fec0067a2609d2dcf5bc3ca738a642fa425e01ba930b3ad89818762e70aa02b156dc9f09fc7c64b300d3c988d819de8a29a1afd9679964ece90d984c25c8e762f16a4f09a73d9571ebccf8da109c8547397b6b739789ea1f0d3865ee99d8a2ee2466fe9f74dec2fbc4f11921395f8eab45c0e24ac50f8784988b17a7d924009112792151dcd2502478987d33be0c620e0b4bb8986b5bc694ea883d4bffca3a6a1573c57bf8c04ba7a05011562a5cb5c0e1a679ca1200b30eecdec235e7d0e9ae2296b1fec03719965f6514450eeb4db1ec66837a41ac3df11f2ac6839ef0a1e5cfdad9efc04e946a49b0a07f406b4ae8fdfca4335e20dd03da0c809f6c1428e028330efec1fe3fe1ce6687011ef5828b4e454c6237f10c1f1790da9356870be3f6e433c1c0b7e8b5fc52910e719d469ceed31539ab3106da774eda6aab0ef67ca94a53bd36cf63e55cb2cf620e88f864051186ef5736b1b9ffa52a79ed446c4017b507fb66b557dbd67af682e33c5e2568c00aae46cffe6f9b06f5e0d1ac358dfc0e45c90f36bd2efa268f0da70fbd962f46e0c1c7b8db44fae5e1c701f44b512ffc9c05126c2a4630ae293968ff66138271c9af53bf5c170ad4e4fd87f53b93205b4493d4fd176e788a5d0e16b18eca9d3e150b54a84b07094a685ebb2e7381d0fc8b1844713ac104b949adfbdeb67df52875183fcd32cc93b522636e9dd9e60e03478bcd32b86cf8fbbef30b49f470ff986eceeaf1a1d6cd61b3b382c6e327aae07834d8afb2ebf43aff41bab5ff1ec7805038415f7212089f19ced762f91fa0369031c91d8928c18b4e30f8a238b06d18b20259c7007cb130c63ae2234681ba017b6254f66985c6b0856b27a8603a72b9fcfd1ef31c9715ff52e1cd51e13737d6a662a7da22015e0126af743a6f15f12a9c32e0cdf9b76122cfea0afe78c48f68e2c6d666fcdf349b2e307fdcfd2bac3f1de1337e35dea3077fd51ddd5171fe9939111f6bd187741e2598537f8052de826469491435b74961e54ce7bba04250a17221fec0213338420d0c4c49dd23212dd16939d03ea91e3aafa5148288868de71febd1387d1c0659d7a6bc95ec03599981ebf0d8b3f6e3c9b1ddb4271b30b6db0edba43036bc8185c37860285d563dafe053d7c73a2f3cb411b18ae138f9f917942a56c2c389edcfcf49c98a0c9b09e00dcac39c31d7b54f6c32475ae693f5f1ada85cad2623660ae085aebc1dc560f818c2cdfd2bd236aa2b876e7aebb60bb577750786880ea43627cda51d3b8ad95e10fb5cd20b0b3ac39edf29da0ed88f7a1b0960314f23c5b1ffafa9902e53ff8656c6afa38478ca06b5954a051a213835cd80f427e4c0b39faa93b84bef975c05577ce61f783cd624b725443f8fce6de19fe72d5ca41d7772204f81376003fc21000d463cf7dd3a5820a807c9e2beef24c806fd5e22f8a86a6aa5e086625456dc9b22718cddd0d22e68d412b53d4e26fce44437012fec7e81660ba495860ef0366bf78568f7bf2f989a363ce5b03471409a534aeb3c55d9ea6ce632a5972f5781f289cd6a38cc13614a38cbc96fe64dad1dfbb38b63eef14736cbcc2263432771198dfdb89804cdad65606205fee9def76f2676f76eeb07cb722ba3a84ecb1798692b1acef63bd713947f97309641e22fc990800b78f7868ee1d36a080a5404f83b8d8e32890bc9c171a3bdf2cd25dc841b147bc1178125291889b3d351b626b56c8264ae54a9086c632b09c1789f0e4812984dc9479fe6ba977704c96b8aaae14ad530495d4b56d26a588a92133be047c95cc4a06d4e54f98119a004f5de85effd9a20c6235a7891c73a8cec1b9b30f68c3d948bcd2687cc7f23687b8061a20bfbaad3dcaedefe3df66dbaa845d0f0681305de9d92d10b39a00382e9d8f5a90d5983400f2da1f395547fd180dfcf144f03d1bf716f0cf8997dc59efaac3da1ff67701eb1c6197fe2aaa3409811d36b02ea703933458340c66ac531c64193b756530935cd78e8cd621d2cd25b6a460745953a77d6698c33965bedf239660e47f5071607ce9201b5877757d95224776445388fda7aab0763ee1b182255c9b873aee6071240735a445d7d58b2d8bcfe01b6a2d00539654b8015da6dce8d074d16626301e3138a397e6f22f5d8ead42c404469fd6f30560f592dd37b91cef7d5ff9ae9ee1020d1c44da8911f51be2abd966e5960b4179ab379ca4e9b134ee2bd6e51a74a44ad40d935be4e931b9605bb6d6a4c20076a284a59cc14ccc49839fe30e7188f21b9a9fb665a214875aca404605365a356dc526e0b2c8ac819f13f96b2d9a823c7f75c2752238c455463d9e1c8b0a24be24628db0ceeda42745ec3b121668902978e378aecf24d609c4cfb5b9280d6bdc1781eb629b322915412de826f49573dd14b4912421901ed8df251afbd97e01c7b03bfcf4249e29ba3803fa584a972d285c71267e3e1d3f79bee61cf92b01ba6d8c431798ab3c4cdcafb3a1a7f01adf2f56f3c432f8cd93f9e3384e7229a45be4865651844b6323a329ebbf6507eaccb726481668bdb8a4d3f1839ae7313c7d33bb4b3e18af5e384a975570f358a2b81897f354fdfb645ce19e71b1471431714d1a9b126ffef0d16acad4e66cbbc60396ad2424eb529fdd4ddf112d6ee4501e13c3ecaf61368790ef76272ac9b57215d1fd558044752d7620be0c6a2286aa03805071231c10476dd8455365b4db37fa7623149aa6e8dcfa0a05e9c7619e74e0091b69c70fd2764e07d770f82ee72e86424f04d9d3d6e0925496cb896770d511206c90aac91a5d706d2af8449f69967570cc7bb0c51117fa0676289dcaaf288a1175917dee8843d870c4294c54aab3c21a86e6e4b96a94c987d4bf88bd8025d4a4cedee3b5e456fb7174eafc5551d79d4b5d04190943a16fb9a3f338e596af349156c488756b1f1994406d231188e83a4ac92ba9de0b4fc810a4ceb1c86568b888b03ce0d9a99c23cd22dbc294083937ff4398a01403081c19cee7026f56cc1e768d7115bab3791874617bada604b5e28eb29b3dc68eaa654c79202486594b199bf09363651da3a19d3006648f47e5eae344601330fe3bfa753cc119d958691f82ee5339fad2546d1282aff07d542f8a9cf450ef8a741f10a49fe74a5c127f8fd8197ad3b1dfd4d728b888a171fecb860b00012047bd92dd8d6845d9dee2d3db4cec9f3c580831fe38189e9be1c547b044f3ffe452cdc827c98c9bddf980a69bc119ef91f001a0e2e450ada8360cd4904ae17b246dacf2f28deafdbe0375a9decd9d8b606560faf4a916e6a3e0c211be5d7228ff0a0cf30acf75a51a56eab280c12d8e20bb2ee5b15ee4ae7072c7629dd20bba22ae4c80d0973ae4a12b01481ad6b49c34380581a069ff6b49e8b6e9d2c9b686fba20e4bbf46e15ecd838faa7ed93124affbb252e616f1b341ad1bd5e0186bea5e23a37568cf5c4eb5fe25b0861be74cb443682b9717d99be7c47e4ee8f8e4c863455429b8adaf98a6a7e74624925edf94901b37e02b7d2b9555bec6097a072340337fc60cd71adf0f3507e3a8663d92b5094e47e82dbdfa341404ba8206e3bb7dcc28efc829b8e931f029a6200847697d4ee7d4b9f63d7e2e0ee1a07608e318c6b4266f002a832a9fafe1db8728a2c36b44251679ffff79c34e68fb56486ab2adbe9982108932997264abec94180b99eac7ecf161f69242b8e1cc20bf4b5abfb449c1d529f2f0582e5ea377ba72e9253e4b9b781b50a39f8872d4e21eeef0a1ebf9a6455dcd85bbce7479a34ba92bc8f62603d61e97ae75ac12b6acacc46ae57bd30b41a16d6880a3543db557564101b69ad972ae2a1cc4ffeb47d760caafaca6dc8d1cbd416f47b1dcc37bd2d0552f7fffb1912b445c15ac127e1e3bc23fc3f6e4ab672047c6ff09d3457abaf659338fdec4539efa4f0bc65d10883895a58e478d78adf2505489a5900bc863f09ad7221cfccbc453034e09484d515c49329c3f7e068e42430245a1889987bf2e818783a0595c14951556dc11ac15f402c068c51ad7d00001bd63afd5f901f16c587af699e7953b904da69339ed1d2ca5762a8b44ad42b966b20beadeea2c6d657fc1edaa253b160958fc3c3f2a996744c9a4eec4895949963da8803a54270349ccbff52e72f1644e00895a6ca45c2058550a08d416b7468a69dca0a093ebc51a239c5e7e5eb904f6089c2862463a0bd9b1b7c176ebd27a0080f685a937b1e472c39beade76bb13b36ea3898fb555501fb86e3513018c62041eedcc3387e6e2defab15d6b0d1563635b93a1d473bd5cee60935a20a3fb934777adc87f2ca6c68df872832299fe977271cb95e20eba98bb181797330f246e018ef39f98f40dafede99b6312cc4d0421cdfba89c2e49c56e261b57718e69c4b26a22fed234909e88a5f547f812766f18559f17f1c4e9f944685d8ca54842b17676d254b5fd30dabf7016d3edc51ba8b65ea8a3a6041109825b7a666db0d06abca3c2b2ca0c6cb8b8423559839dc8a3da3c82cc52af0e0cd86db37ee8e78ac2e923c586a6835d1cb541189f6b5e332715c307697801ff589080d668962f4bd32b4b37a512a30bb601d65859de3c8631d3fbfa7a8cdd2d9f03de9980149fa3b94f9330fdce717cc7cbcbc9100f4d89276aaf4ac3c98eff7af4081517edd5b9769e011d09b955a4722c7b4da200bed69114b7f22b5f578430a0af2cae97d83ceb1ed3d18612f38d0c74a89719810c62afe9581559ec0e3ee4c7f779432bad88560e57faf25262e3af7ced7ecdbfed33fb517ce5aa617dd7baf055a43bb44c12f335d9c993f67b83ecf6f070bf6c6473fd0c773c7c5325ce2c10303ce554afe94a3a019bf67ff24189f250e2ceb3ab3a68c4c53ce41ae80501ae4064c64bd12f19cade004d0f3f6453111b4f9f8cd3ffff7d3fabb25fb31b2fdbb0f7f6d8592ad65419c7ae72597ef60ee4836b9997f4647bec832df5dce77bac8625472094ef7a536e50d5764b1fd5d3455c62f39698d27bf4878ffea89aae67d003f2b87e5c17c77e42ab026dfbdd28830d26d6ede1c6da03603672b932e959d876369b5e1a5fd88d96c3eeacbb86f78dc866db20b23b257e6653b7b6e5d62743427c1e93b30b86a40bfe9bbce547fbee7434ce7a89287ba81e2a987a1d5f85330c3a939c0bf7e12127434397123170bac7235b06dbee64b0e55e565940fc0b955eda1165c62fd8bfd1f53c542bf96293485da3ab6189d349d0274efd8cdbae07657790a07b7a235c4383e316dea1734a56edb37421ceb43259a8d005fbb9a34819df692962463f9cc85b4fe4a92321061e9e11904c7a2590ab69f530a6a83ae636b000ac6eb724765d2226d17222fe6e6f0ecd48c2299ccbb8a59380aef268859b145696f3a3a0aade187020ad480052995ffb2de836c1bb3649187da3d6cb3aaa65b2a529b4a7e554a65c7d18e126f4738e21b0689a9fda0b27d773228116400027352abb69e56393005a1df32a4c256b9c7bcf09458c400a94d414875d5a8b7a95975fca572536ac764f3da7afb244ee5f4522b7e3234b3b9919aa9fc9fe9c6301c321997f8fa3aac4df103ca57c018904da1886006d4cbf50353e7f84d8900bad392b6c06db2e90c5de8bfb72f086460bc65724cbffd1f80ec5add697eca4c0d652eea2f6b863b4a673fb5d5959f7a7f0ef28021910d83935eb9ecb9f44af63a6c3b052bcab63cced26efecde81e2e470b980de940ca5dbdd1044ef9caa74ee8bb0f3d19c29819f1fde40e96352422145fde0264076b4000bf31f2f22b84fa173eaa9122667948cd7157969d565d6151482dae0b8a866a92f2fa097fa588f4c8bb9a5514eb6391aa1081274da6d73acccad84f09785c0defbff7888f3f3493febea24f25cef5b220f99a5cc15cca27d25eb962b0d1423de5365bedf03fb78e9ac1fa1818c848baac42c07f97c23ee209d5dc96e2ef796bf5f48c167a81fe724ca7225d3c85868e10828514fa0e2aa0ec08f24edd0692e47f70c15cfd57b9c00eac54760d7f540600f620be61f6abbd0923dbd3cf39d7e97d2f7be95aaef4b7cf6bd1a8666498931825b61275504965d0c6ba06919acbd621d0cd247840d6c8a6b1f89015afb4d0e50e9f2e2213f91cb047a66e17ab3cd51ae9ba657254f44aa2f14a520740e66b723bab72a74b0ae81a299405f97ad82d730a1601898331aee1226bcf7b355a3bc9549a54d91e894b31ccd0f9ad78074c9cfc39ec662167fc1dc8ce9aea0e181c852a5d191bd80af295fde3d1abbc69b0ce84210db357321dc4d609af02bc4f4576c54960be8adf0f8a8ec3e06ccc0afbb3a95b1da47ff73de3020a03bc337689ccf6d3575d7987cbece1bec4bc23858a074bf86e68d692b3cf6896e3b3ce2f8b82a10ac23d5a8b33572b505c4e15671d7ea3c94e25e4eeb81968f9698ae9a42835e121f53918b8465cba7b8225b7b854077dbd41853b659afacab41fe2e1b607b97e99e6f2f456c389c568648c85930cd6bdd3a4f56f7d340907592aa50beb59095bb972139b4cf8a737c3c5b1c9ed4453c72671d2230c0875d22144d0d10e5de58df1fafbb291d0cbfc09e3f4826e2f7c3c01531666e5b772b581c7361b7696ab39ae6512af46c9e45b65ec9e677a001f7976f592b5effedd5994b6ffe73f1cc23234edcbd425fa12b5d3bd291c31e8297eec140196e5d09e7e93a1c6a484dd6abd55c441c68920c1528ca5b628fc378b3ccf3642db1ba77ddb27a5b289ea30796892fdeab40e1039651923126ec21b02ccec2c3f738a6ecdee2401ea23b22fefea1513b109e175d591c7155795d8291170cb9bcbf297a00f3a391e83f1ec4e57c7c8ecc217cf28703f3506549a733346c8b3327c4f8f5e83fec312a83a7dd0f8b91e6b0e5a74197d2338ef3145acc876a4fc01b99d51064bad6ea67902405230438475f656f506a91f8b804b1c47e2d7e15dc0bd86bb44bb8f25d9472e53bb1f18c13ecbda0b602321064f6a82ad0266b9774f0a4c6b6f8fd8c28fa9e09396fe735d019ee16758ce7ba686430e3e303cf758f80fbd6f4059c3f082fde5ae1f71ff8e374b38be8e1266283fa9625a1759d2f3c5299d212204213bc2df662e04afe393f92c61a328dd9f52f5f11d6455a6b08ea10a60748fe45a0a6352289dd73518fc6112a960a6e58a81963fecb4a73e3a3b18b3dd5fe45a9d4c31d9dcc88b3e1db0985e96408e55bc03bbd6bb58240fbe83360f7293fdf6cbb8bb99330476d3d37feca179a73c1f5a99232a41bae8cd5f00f7b7f1826c3ea7c15340e1710de1bf3ba60a44c2c508cdde0ec33e90149ec48e02411491feb3a8b64d6e285ed47e34d57450be51864f049d34c30ac3bfb1dca72e1734f76ac3504b4aea7b8b9c528b4b9aaafe684a57b827d0912b6ad1dc27d1d1d0dc65cb2817ff850a7268ef87101e4209bc92de3837483ce202004a4ab1b1db48dae5d2080e8b660d758e9ee8b0c2b4725ed391a1f1e796abc4c40d05458fc41f19cc103b91241582296f797a00d437f24cf3e2a7d2db6b40156bfe3022280034af98a912233ca58c9f56cd2aa018160157f09580d3578d9ab30166023eb88547ccbd106b19b7ae88134370cdfd0fad741ce8a1f9c7f7988fbac07396fed13c7495b29533315af406bbb7aa53b1202a756bbeb160adc64b8f44e9d4fffb38eba64c5d9d1cbf12351954f8fffe38c36e0aaf44badf9c4cd4ae48762e86bcffd2617999d7ccb6d78b93afebb212d88112215722e30c1d3a20f771759c08c0d957661c8a01b0b2b6297232df390cf1be43534d52fd3bf585d6b46fbd618942884856045e4870b87cfb2edcc1895c533553ffa630b08751580cd026874bf71cdc97bf9bb4dadbc93875fac7266507f832b51fb81f1ddca06b4146212bcb35f15f7f477fd1cdb6689e011ea501078a62de1a899584630ecce164b1d526f37d6c1eaec8ae22a23c09496b363b1f8fd23056006a50b9f3ea338d001af164d7078fdf970c0c71a517e3ef938203ed0889ae4eaeebe586103fd76f24e55f8b46dfe432a78dbbeae84c6f5b03aef18c1ec8acfbdf159835a4aa291f5d12b43560c18d8affa557172745bc52c6fe57143372a6d7289115b41c6cfe0183de64024aa2266338f43ecaca3c6f0875992462e832049ae95836f4dfe90155377c91b58f66123542b01450edcc535af9ee4e5d36907e3681f0e4cd23c72e110776f340dd274a38746406b0d54d0a8c6e9d8755f58222171a381ffd074dcb1e756484c19de4b1de1272fba82c1ae257be7ad292296edbe28ee235e41ef9ccd6e5ebf568763c9c039152cc46db58b00f9ce77478b8140cccf8960776fa719f3ec180c36fdb81490f74c9e945e7bba58ded6741e35245421393f3ef6112f01aac92602fcb116fc733172f3c4645c4f650ba1c8584c99c1ab9b929d88cdaf2f8e68b333c218e395b0051e6986ef0d2a34e28f3a675045445aa69b425830055f5b89a19afee3384963fe8ddd8479e0ea4350aacfebc19a66bafceff47ba93421f0a07981ba93aef40aa9ce37e6ee5c25c627c7a8f3a402dacd4027b86cbe18281dde215cc35b36e3246a048f6857ad4de57f6ef46eaf11dba834c2e29424da876436f7154f655d39f6646d4044516559f307ed8f3e5b7a46b113524caad3e3d590e58a3d4a31056d8a1a8a8afbf408e3dcbf1e7c4066914168d187dc84166f2455d07080b11f24499aa1358160bc49a63bdcc6581d957d70d0055c343711eec4fcdc2551a624c72a1e53c7c568180300d9db1947a27e70ea88198b355ace7af1e9457c1db57d52f08d9a118864cfdcea01c7b4052f97850a57450f96d1674f7f8ef1622d09af043fd61ed1e9e9168a0aa6c2864168032c5ee08e45a297552e1d61881736c170e4d4a5db206acde05775b6887f2d0a85865f15cf5f97f3882caf4ae08c5ea0b08f43c558e66fc8f619b17269534613dd3a99dda92c476e3e7f7ad4b40ca3428c58e6a4716df1ed6698c22d89a23c496ba8369241a7d0b018d7116f9a17c678c3051c90a04de4f5c7bc292c1679eac80892109d34255e64169b9023adf1b11a3eff80afa9b1a6227bcb3937c61c3f3ae678a881a2b2564887f1c7b1d10bc4972eeb4878404e1210b320836f85a6b0d78740b863661e3ecd9305e35dedcdd374040196d284fe11d0ad9495ee2fdbe32606762817b27d7c6986e65ba59f2df610a9384608761866020225400098289ecd1aa3230e5bcc7c269b589d952d7a0b46d20d0947579d67ccac7836fdd8408af6d3ad061befbe386025ed8ffce2afb1500dd7d010d4ae065163bd6b8c6535ae83c38472414093effb214f4b45a029ed6f7105b755c6047200fb94d75ae9c2abe09392c79663ed31038915ff332e7342f668c8c02041e3b9a435334fe32b7400a9a734eafa8dddaf56156d33470c6847a6e2110a64e3f1b7d59e645106ca1ef98db7339d16b28816a736f2b4a782f8369c485f047d9c75f8f41b6ecb9aa6b77f64b55c81b130673ba445eb1f8ebd18805fd74e0fc08980aa6a55156705ac7d84e60aa3b6c86233eb73e1143bd3c9c9627e2e936d04868d96ff68483a54a7f487ebc3554e8d3c8bd61f1f06339c07f62d7aaaafbca6e83151b387ffd46bc49c2a7c342dbda6a46d8c3087bdd7d18e3b298e5cf7f8ecfd6d8a9823458ecb9ffddfa903b1de1f3a2a7f7da235ae6817e5d5fdc3cc29f4e3755a479380cb1ed069cc195ccf66c26c7f84be12d4f18545b5c33d74777149d3bfddecd4d1f45d374e1875b765a116771bce8c290d335862741d994e0dc4b28c24609f375e2da1a981c7c8e41161b2e8ff4d4c4673c62a846285376a032159322f228a1d416fc2e885799c748b4f92c8150b1b547f284d5ca5bab0d1abe2ebd73a57273424570a5ff5c778e7b335ad3e642c4ef78d041ebaf1a476f3de6c01adea7dd9ca669854a1490c031fae96a25fce00bd8d1d2be3162dfb39a13a53494ed71f8ab5eb1b1a1ec3b183a5ff58c876ec628dd21e01074eb3bf9c4d35f1030f629f74479b8e126f195514292199ffc7c95983ef976b6820137496a683ae77c122237ce805f928446a30a3219e59db13c62ecc86fa7b44f49d9ee95607350296158bb5fa7c9b9b4b9da8f0a0ce32720860e86bf877bd30773045b98aac210f54f58a93d649d550b62bb99a0730e0b41926313fd776b5190c107a0150f597c69ec5a19701a404cc442c92fd84c7c2643351fa7c31a22b3d4622975e114e4191637f8075556690757f74e2a1f1a7f557837f7a2f31dbf158d4b2d91d316512cf0d85240bffa537aeb69fd232ed5f37c5b71c587e1eab67c821c1f4cb52838c8ff79d4f0c3f5ef950344f25a0f42922ca2ae34275f8eda88744d6fe27dd493c7357f97186a0c4520e4e8d6c488f1da6f1fc446fd6b2b52e5e048809b6c19e3bce724e68fe44614a817f39ba99e4f5dd616b50540b4652ae2f0ef225d34c5986830218a01b23c8f9f7f6dd3f8663a116a1074002493db10f0aa42a033c5fed2cfee51ec44dacb1dd34cc06050841f95421948082ecb13967d08556f4c93b2a46991f55a6536803e49ea8af6402774614708bd9acb0db55d09cf9c2fbe7b2d46796227f7b261b67d954e00b97035f885c73096e08bc0b39165ca553609765a83c668019d7c8535010801eec85e7a83d92ab35bc844a4720e6e8d0bfb93cfb271d6b721f9dd869f106818471291f229040d14e03b084989f1d2842991d5ed2a5f2ac106453eabf5ffb4996743752e6faa5bfc1ce176efd4a6a6aa574af70ec66ffa8a7a3b934f3864de20ff19e298412da0fe5c3f8358913f41d4ec00bd827cfc70ff60d9fc7c48bac9956a65ee017b0e2edff25a657edaa255d2b4b1d98cbfe848242b7e448bd9e3f8926db89dadc0563e74110b460e66f7319695f0760e420108e83a79ba462df44cd4cea04936038064a3c7ab6872c261900070b074ee988d63f6a0124585fbd0f8bfe7e0443a4716524e50b618ae4f93ad4aaa8b80d39e15b114ee40a3f43987e832738c72a9e91705644877a81aefb22e11ade44006f5eef2bc2bfb44aa238b3624190f7d96ade477db474876f9952e29f6304dccf371f21a6c024293e1e7a5a15c082dcea0bcc2975661deb02bc5202de09073bbca1625c989a0ad8c5bb8735d2754b8e2a700f9d634c18d98501af6ba3f0536c5211368a7b591bd82c4d40967c81ffd88dc3fe40a51e5e2c043a2caf4133466bf65f540b07eed5ecddc0e80b99768d92181c025e984f6a1488020bc02a021dc236e1745b5e7ad2a78f97048b6faf2d4de1ca271c6f0dd849774fb5dfd3db2dfbe9eb7160b71660f71f8088468a383e2253a083c67be7da28f85939539abc92a070fb915565fe8226cdb0e2d85cab4b5020a9084838b057994f3e1f18b4c7f89366d61e7d446794d1fbbcf4d45de0cc2a541a5e5992aad438eb50717b99b05d74c7a42824d2d23f7d05dbc938abd2cc14175c1b463d86dad6c12f0b186d0bd797314766852e267e0f8bec34d6318d104cc53b89d5165d5438f27a7a74b74d57b05bc5ce7aca7bbc9f9f1bf2e02db1ab211f51429d8e3a45e3706d9d37e5e2df4ba2144410373a001b08a9409482ea9a933cebc29a3ab68bffc8b80d947b83508822901a64cff801259317e496feff44a08645792190986e8afe3af4ac7f877abbdf2779b3e8c6c6c8e04bd493fb7c4542459a99575f08649a40b2421262499b057c175fe4c71200acd112fe1996feb920afb69b551718830500ed07330a8491ed500cfe4688488a803b0745f6c7efd9f877e75198ae9ca44628000712f44bcc80b1857d25fee57376cc99c4dbb4daea9d5295f4d4e32f29d2a467ce80d1bb994c7b0d9544430bfd87189cb353edfc0354909a49894f1c0d9450b90dba52d5a6fbf5f762609414b0981006a06c5fc53d823527b052c6831385045e7a0c2e0074106966b7ad191d3c3174b3354df293c273c278db4d0a06e78ca02fca812b35cac9f4ec138dccabdef5b853ab9a4d17ac87936e5b921f8c6652a4b5900ed1645cd3545afbb64620896ede7e7e0488e9c181cfc1f639e210dcde8df27938bfe8709f34f48efd3134f825019bc62cffbe956869bfc5024ab3c1215956a9daa8afe350d8737cb66f5457d520c692d249c841a179811b9bbe64878bbdc877ea80f3e1e270be1a19c0f7a58b40f9a7431d039aadd112108b2b928e2212a9f36792ae0736fdf737acc2839c3e41db98c668268b54453c965f16c64c429f0324c190cdf9f9b8940a55d13ee532b68446d99ba29e146ce8513a14dac1f5ba26f1279649b451c3b05b222bfe56b8f56a6b7b0cd9b8c963a94a3b54cf930876a91ee3abd283ba3ec4a6d422a3e49a670d39fd5fae39e08b5454a78563ee2d2670cdef9e60947ad886db77e56f3cc486b9f88a8d7bdc3c54a03df4c55eda5a717bf35a673bb9ee8da5deccb5d7b2cba902e2ac2cdb2e9e26deac876b7e53f28e50df88cfbecca2d710ae21123ec0d56945c761ba24b857de699222d0f647fd84b6ef19deb4db1dc10a54efa276c2c4d168a66caad2a5b6c89e032aab0f4381ae4465bf738e0b1687635b5ea95b6348d4e12409f914226dfe55fb78f868e82be93e0b8396fe452a2a71423d882d3d43d7ca646903d7aed7345ee54b9f236048c979dd119f44e625a9c7a55cd4724f4875670270e5ee6c4e99aad0d6c182ce71a7edafbd0dd47addf9fefcb3ca3778fc572a43c87e65d67585ff10d1de61e40f5072aa8dd5b20e5c95c570c3a13c3171edc68738174543b21eb03e4f9df062298cf1c29ee5bb1c6238d3e90826af332e4d2064e4812c57e448958cd3837359f23c94790a1f8766c6df6194c22776af1fbc3fbab7fb9001495dd893135183a6e652c30cf31c43cbf49678cfbb87b02f0ebb7e0a856aff8001bc957d57ab6bad7b4209d725dafb1df0e6f78000885973f6f068707cca6096b7428499b3422c9b90f7e4177284a81a7088bc66f003e517fd0d7efef84dbc194081f405c25dbd71f597fefeafcd106a02aa8c654fd20d42c7078a2be954c7986b957e3894c5ec609101785a6704d381030dde5f97d412f003a7526a449a65d29de0746438bee164e1b7156a564eb12c57a68a52ae117378c171c191ff06c1eaacd42eed72d1c204fc9c426b0f9562b27befbbcdcce0d0b848cd0ad7837b36d6c1111223543fa702721cab4bd93dcf0d6e03dc1739da5478fab080dded10e5e1c2adca70777c2cd9e17b6eac72c92cec0cc8039ea0fba4c9ab8b3129670b43b35d7494198e2bbd3f5a00003eeee69ceb31896a0d3bda4a6823c40acf23bfc9d3d2f77615c72146ab98707c6ad35bd64f5436d360662bcc8ca337589717fd37ef61d6c4189765c8ba251e47b0d1aa6ab1ed49de34a74147b6f3dc6fb3ac33de112704bb0c492620db75cf61c39bc35211d0f0b51ff50df3b564092d2d662c896cd56cb33251d00cb2f9892338ab6aa4bad99a61f1b9fc1a8787243a11a2d1e32fe5d35828568f9b2233384d162b1fe2aa676d5ba597188dcb0c3fe51fff63b1559db3f93099ed91845796f7c04fdffed587e1761dfec99393286c8e1e7a89716b38aa811de642112bccfead992b1ab98e798df309e05aae63759641a97cdd79780237a091b42728595643a83d5df73fd79ffd6f6be63d9e06845c520c7f89925bfc35b3ab6801642616fe77701f7b0a0ab5af9d671d5e4f11f6bd171a9571ec543f94a6d2d2c183fe3d1e6af013b92c004f2e89273a62f0370ecbe5dd7396358e61560a45ea99b98702ec6d3b2e67e0a3219e6b5ddaf835dfd8f7af71e582700800364f5165aedb2612968feb02fa6791b63ba1d6d6e5e7bd07a9319dfd7c05e80abed8da89746cf4c28cb0b0778ce6516cf44b7b2173cfc1c281f678d32bf4cc92b3dccf53b18685db94aa5620ac62655fc1cf8d46d0072c275f9fdffead2dc601838fc8df9f43659b43a0784146b567e5ffde06275f1f32346e7e4de141c6583398a5e022c390ae296958c660cc647ff582db0735adf549d21c3f6f06757dd19aa029d69265302ea1b10f9fa85976c43cd6885e89e608167415a6201691131552eb90a63c161360498daf1fa9a78151be618b7d4a37863ffe46c61c5a78b3fde01aceec51f56149a66f8e706ffb03a46e2ba78881053e5de3284b484a8422489ae5ca094589448861e6e2c3bd0f8057389fc2ac82a79faf4ea9b44088312faa71be60399b1ca750963f40c273e9e9f3c138b1f207491d0fde8a7e31a2a901dcf8b36dbea974aa387b8d9e326aa7ca331bbfaa52094882953f15971775ab15e27e25f735d3303ffc9a1e47757c9dd2bdc13dfeeb89bf982483a9bd8a357ddbc591c32d76a01d202e3ced049167e6512822799a2749e55a1e3d11bbccd93354810a15a5be1e6235186c87903e318e2561dea72a12e13384a58a1d3b76a40bcd4cc2517ebd48b70f0c699c29d8665f0ba2629aa674d74df92533597b7bdd370f43d11fcf8a7060268c8aed19b1c1b767444be1c46407468ed5f8cb6dac4da34300ed28cfa386d21edb5de9ad3b53895e5fc7b88e52f6e8c1ffe9d807ef0b9afa6a699a841e58b94f934a16d95a19b1eeeddea99ebdff6a801c588c0fb6f3a5a5548c86776ef372689dcedbcb5acd1fb2264d78e49d3377d84fbed82776269033c217d7c7164ec4ede5b6299fcd198a1abbcfd681342463319cbe728f2847b936ba91ec5ef3fce77c863a92f2ed4e38c2c4ecc00545ab4a2249c09f5a64226b987be1026b30ec4664cb2c48cc8cc4f3c3851a23a3e04fda6328edede5b4b1ea8251193b876c462c5b2391d6af1b1d13f32d8204c0e31731be1191bf56aaacb57dc4d88ecb1b6ce1d2374da3dfa27144463452fc17125d19c8ef66f005b9877d5a5b2917e4427a0203484a7d6c257f310bb93b0fd725c2baa5b057b92e4cba8cf2d9b98caec414796bd0040f911142aa259ada4dd97c34f61505570889c10bcd119486871b9b5addd711976265a0868c66bd50dfe5f10ec808e5402e9a1b2b0bcfb73bd3892eea83f8f74e07dd91135430e32fe2be272583330e06a956e3e0d6940e4c6166abb6d1234efe2b3af7789755a1a9f4ce55ed79b3109f24f45cc6b4a6d02a9a617127835c44fe5db8d7ea0808258f706e8193de1c175363fb914a9a776583604018c30748af579ac1aa30369ee82f8b6e008690e7ffe611757cbeca6b94000e0158c71ec97470d04305063304fe41f56af675cfeec6b150eb6a0b7b20ade892b28c0d49288fdd708fac012bf13493a82bc0b85302eece7d5d2d65eb3f533ea2334dac425157cc1426fc6ddef41c101ff1439c4726e04d8f582c7d2a1f27cb3e9c99ef94a9bcea4105e279e721d7ba7b6530a7583056f1ed9337e6c706a29061d5a5290218e8e02bd9c63d76483fbde0c4b741e4d3b3608ca01f58667edfaad1a3932fc42c7b219a1788a2c7c240ea21c4caf6bbd3d5f24ca7a87903e7fa963c9519e7bedf8fe161a79b6a37ace46bf2835c8728123a21f9a6ac3681b365c54c88c2f32e35ff5a86f84a0abf05444362160480f61fc641ba51a447398b820278c4f8d916689fb2ef9db1d5c2d384849838b1e26ce1bc477d20745eff1ea92fd9d6a64ddec1ff99d6a0b379d0bcfac8a46420d3312906e665abe3c67f467b7fedfb59772a28e82bbd6b9d0b752f5d6a2c98216980869bfba6e5bafabada7a38d0846556280d5828433fddf9c5f10244057d862bef0ae8e81249415747c386fa6e1699780df9535339db541f110a209de1f635580dc03ffdb2ca41833e42a3b49888b1e4e16a086f8bcf98d910cdedcefa71a44e1d3622752d0e64fc066be1251f94688771d022d44975672c1a181023da1639bd6502deff4a890c9ff1557d99c72d02a15714f27270113d36a257fc0f5b6cccef7ee0ed66b4f84fc77493846e3a6821d527a5ffda93bb326e7dac80abfe9f9499f1d34640970a7c0e4d6070c9ce0521484e049b8e8db58f064eb52765d607db6bd4d54781999ffaa22e007f28d1c9db891127c6ce5735f5b8d3c4546a73c23dc2362226207cf647071e479cb798660798dda86268cfaa3c00f3581dda0f8fe5ba115ed373088127e382e152a652c537194511649a54aec8e4fc7d08b45fc959ac71f956937bf5c00521b675e1949e9ec34e96817de780fa99297d59375e461a1b4c126601a75de118309d09da4a70e231b3dc5a0082267b988e921974cc6f8af139fb4283107f1b0422bbd84dac2494b672fd91797a8b3613695b21f47b9ab8392420441c10541fa3bb21333dd202376e3fc9c33fc739434f3f5c497d2129db68271d16a948ebe95301faa36e73f734bc9c90cb016dd7fc399dcc501463569546f6a3c04f505679d6a222a7139d97a49c8996600df2e81291e0c7cc376a54997c6914edf5523769289abf333d4ff9a3dd89ffd5bfaefb2f8fa58e1603ca24b5deaca35d0092954710f9ca2ae23355706f4d8eb897f895938473e02373e1f952c404653dd75f9a050d727c39c2ae363f4fa5ad8e3dc0ecee72035988332e802d1ba03476b63ab5129b87058a4ce3aff6cc91b217acde29158ff06a015d925ff42bc9ed35fd029e4a29fc46b6cf86ae45f4f35fba0ff94ba715a3eeab724857a9f7e40450ade8da724159942bd9e5a11434c7e897576102dfbdeab09ec17056fc04652ae07a606eb1a881962a4a8821fb6879eefacc05e3dcf95d855fc9153d36abac8e1b5752a23fa66a511c695d95e5b70ad9da706f246f67c606479a983bc2cc4202ed82d04d8c0dbb7b69efaf1c0b4f740fef303f2c183a60ed9d1d6ae8984b9c83259677585c2dbe27e1ea5ddaf57507a930fdf5dab519dd1bc45490215bf45da97a70f18c17177f87b23b7e6a0b8eff93167ae0135524ace9653c09f1729767a73fa12aaee30d589ec636fe4c7b7d4a3eee7388fadb98522a7c7929ff2a63a20a812ad6245aa731dfca16be403f5c6a1295f281c70bea5a668d5df4e08590e477d9374bad79288b8d29618c407d5200595b690ef9339b1e36e0f9dbb671939921554baff6de59784dfccb74f4525515732a741afff206821eecb3af64daf374748aa941bc7860e83d64001336997de773af27799b36eaafd46d6a64a3d98c99630bc04a9bf94cdffe292fe010a1a52013f60ff8917f9d81622ed44d41a34f250cf92b2553c6c571f67fc601be40572573784369c5a8bf0de622cd074ffc378dde7dcd7c7bcf5f0020381c3fd1726c627e41f24902e1df858b1d5d811af06c243fd0a7355872e3d233772e9f946ce91fa6b3e8c50e0c2820d62d3b8752970eacaff12d6d5fc707057d73303fe3ac6863e982f3e5b57601798d8f0f0c759975194d44a7cb498f509bb7ed398988af42ab14220abaaf1f35bc6f6c8d05cd13fb68dd751be0c0d402618bb44befe86a00382a80cbd64eb61622d02510e06381a8464627c02d1450ff187c71237a13df8c4c1a755e73cd2bc7b1ff89dc545ddffc01d31733c359b9bd5dddef012ac85b501fece68ed7d54a1ec0a57705f4e27915421aebc1c8217b9fc047a6427c75e741b6789cf3724406f61a3591a21d8139e4b72b693881da46be265c0a9e41b084bed87530cafedae0c2ce8361b006b038486d34c009b14e0609d49d5a0b1a43584359a2736da6895224e55af49e94c2f6026bd2ea27687092d0d1655d03a897f97a5322a354d489efb06a79d06ac400df62ccec41c32cd6577a8669eeb86424d130efc7d98bb89875260905cfe21fa1436413e8ddf1d7dbf72654820f28a96e648cfc4a208f68f683b3e6d0540efda41945691145cf779456b6a667f48570f1299ba5c7d86ea36245f84c1f39fd372def1effe5a4b2a82d185bb5227323718b00e8d4ebc8eaccf315475d965e684f58b669ef65e01a945343cdf5fdfc4fb7c6645ed1db7ff8c36a2372a9600000bdf9069aacafaac4458313d9a8b1b03e309947031a2a89343ca2be01af4c85d48d5422dd89a7d393332f3b09531fa7c2450c256b0b8f95fe38cc7d708fa4b90ff4c9fa722a7d4fb87da42c21b5106f5101c5207c6229239d1df384cfb1e700f3e713d573a7a83f1ed4339b40a9c3532ed0837ae57762c8ae248674c0ce9f5753bb8c583ca4107c07007394c919ec49fa13c54794979beeb37adc9576dbc99d7aa02f4852d45203e94c52c3331afbc206734327fc829e90e6d93e562c0a4d7f67ec5a5ecfef0019647b7ef9d82c007a75dc7302df2cbf61aec9de4c1cf92e5ca1f8fdfa19091548627d4bc13801a13f0567c1c749b9bd8b2f92be14006fdba1f89c8bbb202cfa47ba3e380b67c8e99a4789ca809043d5fabbc5a89da15f6dba0b2fe84602434a63021c700a6a0712d2239ad99b695103cfeebc477b2e0b54ac45ddf477a3fb210ac766288f0832ca74dc638db7a49721db86307ec6ca203215bb78bff18a74078f7b571a65c7d161948b636e963c2a0b8bcda6599203f872f6345219ba71e9705d1c30e6003476157b888f3af2dfc8db4de9ef9a6df7773f8405683d2085c7e62276febe14cfc575feb442858b427c3aba888c3522d852dc82e06944818fabfe9ff758d392264e389f4503439c942118b2ce471322824ac55919a2fa416ac7d813357f33b50eff1662b1f5a20c61a244d9aaa6461eba0306b3ea63e03da4f60863075eef7de27a3cce77938ca8fcb0bdcf9d1335132d543c21634efec2a7ae4a44e71e42dbd263cf46084e9830e6ab4f4592d9c734d7f9b147fb744f869ca2b2ded8ccc28949d53c67ca265e0d8f0400e343f07ee97197ae4dfbd77e9862f4bd0f3bfabade747cea5c512a160bcd0cbae2c117c25e77104d3c6c9e2df3e5571b5f359c1456fbc6b2d0e60a35a381c740d4cae12603ac18fa13da865c0c150c0206f84b48575b4e71241760b7a1bd31d185a2484f22244121ca8424c4c2a29de5134e4f661331f59bbad633e9100db9ec90bc97af2057032e8ebf3075a2d1edf07c9db7fc2f1dba923d04bc3a9a32d207321c2338273c6519784a135fb18453488cbde29145a1abc0c680af02122e73ea389d040442e9d90634caf62175c0087afce281b96c8b00d0ead60f3a8fbbf8773059ec2128c398a83abd303bd3baffda944295fbe42eba871244a134eee9f1bd37b9c797ccc5b5e7166a6ad1196b072d59de38dc8e9fe13b968c4a5855ef61daf76baf26418ed31f82d1f96458dcaf9171f012b81dafa444826ee8c4abb711e7c72da46418007b0ea4aad02ea5c0b6bc76ad2414f292ae97696117438f65e2fc55cec138f90f5acccc2d2f4599a9bc05704334d14b1d9e97a78eaf5a718bdf41cae3a4c0d3cd3080a6c04a621f634c67b958b0683f1f7f5007ddda63447e19a3238eb7793ee0db78d82c0ada1b93d3dcc468d6665f32b256b3908c5e87afab68739b8e3b654a63d7ceec3644e11b8df894a724f52cb8c4ef63b8915566838b5109000e3d3a3877f4e1550cb70a916662121612b1f604c1bf234c899a744e0d47e0c48feaa81bf1f3b45b592b055486cc4066d945f5208eb3528500f01261cbe462dc920ee82ee89b6f34af87331e736cd0b625430725064c0eeb6a715cff61c18a4ce4b530918cd1118e27d490c24c6a5748943fd6ec04e816b1b074cc57c57e47202783ff9efb60ddef239625116736fc8f935831618f2fe34c388617d6996146f090dd0f12318ddce94037fcd430d0b071b8381cd3ca5b7bbbe1f0417edd33481bc559c8d3c072564b88a0d80e70179815b3c8c91c316ff598340ec04a5e7d3a4ac61d8d9c5f78212dc30a4cda4c79717fa2acabf52b87c283d85a9c1130ed5588c50faaf8e0acef83e2f53ef5e9db8f9fe38ad6617ff4f2eb4d48f1a5999e90281719950bd72c6cc68fe6200c430a4694e6061c874bc53a09f076cbe2054400015df48124b72c66a5b956dbafe24fb6617b89276b41df001574eefd5aa2301474a65aed0c7ba9bdf586081daf71c79247bf41a79c980109f5501d89372298cb78aa2d4e7a03325f3a777bc5901d9c14afce3959d9702d5cf17a27c9e289933e81bbcbd9db0036a382cd35d937a33a9d7f325b3f38895f1b2ce1b10c45881e29c5eb0603deeb6263747eb06e393bfce5b3fc84738097901c05f0d587262895f150de32994eba08ba1c40a94fcc2bfeb2df075e5eb65755de521a624af55dfe7cee0fa69cc4483bd3d8e7b31687b99a12bec51c00017226a2480771e400aa8006b7af7dd3d9ce75daac22b0cb27d29c3b451b33d3d47c7aa9b2c5a78c5dcdc1cbd242d7e7e5f09d386ef470226783656283095929ea41c8ef6d97b78e3e6e16c54f60667277e3866867c665922d2b6fadfe978a2db9860db6c1fbfaf6ec788b28d5bc208d6b051a5e9d1eae950777f5b8de8132a4f557d645a44dd4ece3daf6583b90a31b35700a15a82d61363cb8c4dd6eff23aeef0cdfac3c69e38f1e94ed1d2f72a7228fc0c19a19e0f1fb6383c5971561d2067bd78bbaec17e4327a8b6888b0c0b301e2dad5c98163e9739f367c47680949b17e388bcc8febcf6a42b76c8f85b4a792b71fa9d857c37c6a46a0e8178126d867bf95a60952a621f57954c8e5cb67b6de97ce584dbb85e2381345d0270616623faddc269e8a863259c25db8cd6e360592c8c13fdd2ff53f36351701174f7c8c4b2e09c6f78959e33d05d85e80960f2190d8aeb52cea3cda0816f281098295de429a23d9e0e7e2185cdcdb2af5959f6805b06757ca04f0ae7cf629d22d5cf2b65b58fde05b1a2dbdd10dd3a2fa12926fff30df3fbd4565c61eea6694db13c1ab0da87b98f0910c588cb41eaf0abf2c9ebc3222d5eabb6e787d9e4ef130ae29cddf1ca807cc293d61f84676f936e105c9091c1b77281d0489fe761fd954b2965a07d70d51fc02db34a156456534af8874bd4672f308cd400d602775040478dcef067cd03612cc590a337e7863a0735cc5fa84f71dce53c55ca1d787a83db9e5c4c930dd4ff2a58dcba77478ffcc71481ca124712f179d61c4e4dd4371ee256d4bf451db5b13c5a0c7b4f5a491f62bfe957e6f8331b8ee5c681929fa3c8dd700372d46b5511525c55a77c602f067b60d9a0f995c3efeb4a6d0e3f38aeb1b6b626b8e966f331c1e5ef1b83a2208002764f1d59edf9ed53f375e5494ddfed77e7cf0c5748c8720ea6ba0526ba8cfec5f51163f2849fac03953bc6023d7d4772eb0b2223430d4394da605b500677be8c056292f25ca6d71142645617900284f71b9b2a30f8253196737ce8eaab5c411afecc4adc7a05bee6ee18b45f524b0485cfef849d7a6a14b0535f7b408489ca9e8a35510212d7319bf30c103130e68828bfcadbbcd814aaf3354d697b59ffb6adfb11302f670b4645bc8074a969b628e86a280180a4aa635436235a270e8200e5b1f1c7aae6156ab666a9fe65b1685f5ec0cc4637d7866659eabe5d29da2ab2085914a185af73797313ea2224ef139859c0ca548480d47d912096741cc8aff53b89107cc491381a42a876109c8e729c35dc2d874663a55c15937aeefaed313d46c61fdd28c0c52c45b42d21b7e1fc8fbbb70baebfa78e31f608545b1f3e013074ed716ea6c23fa80b3e5d62432b3bc4e7f4e7775e8bcd7d81b4dc47c990dc4b2efb67a55b0c48eb27fd17f9a50682667482faf542e709a8d7e84cf75f3895e86b6e92e9c086d902a0f5e149a6d8835609527a6fd47a0f12ee78cab3505de4cd14961778d3c84a4ae6c624ca23c78a883c60d33a2dd61d7ecd8ecb399a3c11c9b063f9d9daaba7e676c1ae2104cd25d8d967023501b26590b4e92a313b1db4c2412900676ae3c033d5762ee79d46d081dab6f5f40c10f16e6b89b42eb294754199a784c172e98250f51d702418c5a2185e7988e27ca43d94a8e2c70d8a0877845a586fdc791a9a6c2e31caf56019874503df571a721480256dc8d14395e42be49e63570ffb8a59dbff2b68f0d1fd932db5d0957944a505640541f86460f1274546ddeeb3283b9c5419c90bcb6de6d4570f70c76d97b35a340e1b667cec46445df7950ec46151e8099b102247567119eb906e31452a8f71fe0a577d3ff25c4e0f7d62b5ac51be1da0258bb91e002ff77b7adff0e0ee8782df764e376952840e7a9e20b39b3dd5b17ebd154730ac6413e6eb5cb885537a3018eed0cddec9d23983746769fde0068dc34983a2f73ff2ed512b7dccca86b0332ae174eaaa7b9af24fb595f46d397d6af2ff7ec6fd509dbd04b2f4effec33e51a8d9f89862a35b3c185e371493d63e1b4ab7ab93c7ba0bbd6b8817462de3b01d65f92064559281a0974aced30c573da6865c9498afeacc4d61ebafe5d43bf58ca871723da4f85176ee2f7106bf0467451379fea20594fbdc8c22bc8a05e0e5d809a299670cf319eb3e386a8ce8db15d8fa824da99f233e449f6adf8fca876c6832ec74df5745c7888b4f44abf5fb4db44a7a65bf8bc6f32961cc657c643d1c8a50d44b540793fd41a0cde65a60f8fdbec75c8f867fb876f6213d54a3161baae360b6fe13b4001ea7e3b8862394253ab83e9f0d613449e6130c63cae64ab0a9108e239d5b212ebe6f3c97c731f05128fcd5e5298f941f8ddbe0e5fdafc36dc718038601562a11dfc681a6823fed334c08b226bcac07916026a1d6240cdf7c2d69a8c75c3ab3f9e0c9c86682fd31d3612a82cd793a30af474f21a42a36f837fdba2bfd3f5a528d35a920e5547539f02dd7b774a2917ec85bb843022f9985f913c0c1132394b8b544c6726e4b469d5a5f64a38ebd0cc53d09a662bb2cecbd7ddecbae299b7d676deb01940703dcd6242c1b72b3e39d1919b62697494c2a4039a08c762cdc3b7eafd5a0c4f616de23dc128fb8597e0e1abf223fa26ed16a652869c70183663f05448d0dc248d596962397e5df24f6f09f3ab878188b949567d4b927c722f6a2c879b433a8516106f871636188f1e4d1a2a9961477244e010c1bbc277738c262e6a27ae4718584b3b4e1cc1c75e9eff36b8d439372d808d9a269be7ba9a208d8e3fac541f38997837e7ebb3110f2f15e45ac0b40aecbe2ad8f73086280c040dcc6fea57f95a92b47d1ebe23aae168efb964dbb6ad6a55d59e733bc86e7cbcab85ddea0ed915a9cce4a57b31310ab136d96554f4129587019f48cd08b9e51915e92ac5382ec0b1daeb1171f1ed282bbe2353958c2b146eda38c43650a571f74d73837b2e393da6038ff0ad46b7f46a8a59665079eee9cc293e05670dadf98dbc3a50a31383c8a8d3f70371b5162c46faae8ac7a1a3a15f8721ea502a1810d75d448a495326c89c1c8914c0d404dc4418e736b48cda3a84244c7c4e8e2593841cf3e199817f061109bfcf4f7f2d66d9cfcbd9ad30240b9989d50ab254ab5a7bc4dcceebe1ffeb476829b3636580ded1bfc7a8c8bc1191f942bdff415a49a0041a74b1a93406a56625dc0e1ca37405ce57e6491e1876b287972d6ed13378ca25ba864e04ab231331f20b98f4d9358df1be2710c3b49e82dbf9a1f3f732b1a7fa448929ebf99b020f78ef796e8cd7fbc1e2d59c6e0a9afef154d3abdabea0604703ce65269ea03abca29576a83a3f549a57cd94604af059ed52d5b38c3668772dbc9374ec5da93929d75fb3a72caa2ffe212406a7bef73a2122a854d91e68cbd6751304170908edd2ceaa5fc0044a960002028432099ab4433c6db68848406e6d3fa405bfcef132743250f7b32ea7d6a6fab6bf254cf610fef29a21e394c8ad43db17aeefffee5c02cb7dba38fbda1df338ca5a72f5464fdaa372ef27a4f45943266fc4a506d752c3a6f1bf00bf25e3767374191353536ceeb5fa36bce4395acd35e43ad4c7f24068e66b905510a928e3c8d48df31cb91c5de6bb70e69099e455b803919adb773bca3d708e01d3951523560b4ebb462fde3be33edb9d19fdec5490dbe9f1ab01c7e08eea40da5653120d566c55e963f193a3b18a0021f3dc052735d26bf9d6be49bc3163c96e7620f98abcf107f289fa281254c3aa652bd7d02406a5dc6ab4bb2557a1127d9d3411d8be7ae96df58002eebaac539329ac2b668f47f4b4be28b6e11d62af8464b1f6d43c8038349155e4aca2f1a6444216c2911864360752a3325fdb8f9abaa034c8f920f911eadb016b9b05959219a92b467a71f7ef0d23bc5d3f85cb28c26cf862ebcedf1adacb7586ccb1a959084a5b2aeeb658d104103f239c741784d46d2b0ba76df20d3cc6627399f6389940fb9cc6ca744dff4b962dcdb5e8d6ce5ba7e82a47db12ae330574697a49038ab2eaf3eaea561418f0d5ebb834f36260d7524415998bba37c6988d02bcd9eea6d49d391be6c90b45fc62f67420933cff3f084905d330f6e12d666401d55110ce170ed6a19abbd2936be6c550f9bfacb7ffb38ad2e81cfaca26a6a2f582e3b991c363fd5983cba7a547339abd9b75fe783b73bb6a00dd874180382a3c9f24cb4b3cac5c1709c0780567976799ff7011bcc031cf8b7dd768e418900ae32c779395727f044983c8dcf00d64892a227972576a4fcfe4f7246569593bab28a16b79bd69af67cfc479122f3cc870d5a7ccafad4bb734b6e8c27398652ba31db1240fee9fccb5de990a0ff05de53770bc31bf3510c985a32425a64a71edaeec3c128e024105d8a5f0c097327ea6b94f7f0a7b15cbfcd0ab80409cc6c6b77d9c6dc40dc407d8f6d9f3270018ee0cb498fdd316eef44cc55158db3b38aee035d626256de0391902daa795d074e04e31ed99659d79bbd53cacf51751e5bce9bbb9acdbe85c0fe78a0580c9bf1c9ddcfc77def6329b5d162f06e7b70dbaf091e385b3f68fcab03102aa437adb83ec19cc6b491b55357834a4b55d8cafecbe3ae2d9de573ccdb89bbd55f9e7490b07710d19427f7d427ee9391b4a409fcfee0376de3d64f27212bcea9f01bd2aa5d6fa437806bd48d089b15e45626f493034f872709044ba78d9dab835654c70c43c82038bba0f6d2032fc7841e4c14ad23072a701e0e400c6be7e5bee85e74c4efac39e5a672466e912dc8706e88544f984f9e92bfc204b03e75241f3a698b29f5592a08b919730dd9960b30fe41af8e609529f5aa190c7eb3682d5bc6d1b330b3ef8e69c8a498ecc391cd12ab3a500fc98dd9c9491d02f5670b6fc51a9fba58b8bf3ca495806a0bfb65683a5830f838b98d7dc2cb32ea4fe0784ed1ed00094ba3567d1a47e51caf8ec6ee0614cadebf12534554f8d26242579a921e787a459dffd4d42061a2e13cafaf60fc5683ce46c8da4db93af00052eadef08a680a7d3dd186152f407e3132bb1e714e6abb43f76ea49828994beaa6cbc7f4efb1a83b360920a8a72d7e4d76650d4ea10a1700e263e7418cad6b3371a2ada9622b7469ebaea599032d135be059c8bc4bab9faa1396b8fe96b9ef10be4c1dee560e0075fa20c13cf5698330529fc5bfde63974d26c9426680fc9c2c82353889cfe6c6facb9d3ae4a51442087a4b15de642a104181528933ab7dd9801526a3421b7ccf81b0f800cd3a1b3a99bcd36bcc258ef42fbf6f173bcf331af3f8dd19e526b9ae73844bbdedcd73c5b2b9011a67dc13516f14a3c4bef569e2aedaab2d7686adc6d38d0ce183f96d9e03d94dae03f770800ae1def2c3edd6aff585a7ece08a3b680c1de01151063e72d14050769a3c86582d0488ba5d3963766d9174711ae2d34527435857a6e690d498b086fb4f04d22a4b207e1424c21d4fe1f2cc6b6b5f88e164143acfc03ff00cc327e55d932c4a8450c8d9a3a4b50de52e952ce5d3632a230e8caeaf080d15c584b92d7e1b5c2849c5c4c645b7ad8fdfdd4521fc1184d6f0b7a96b0dcffc62b34c61197cc1006b70458e20ffda4242b75641c793b001b31940cdcb60552b4a6ba127354b2a73818c5ce9f6715244e6534780f9480ac11d2cbceb965fe4d47617a3fc7656400eb027d305a11d354aa46de1046bca692645424cdc19199a25e27a5d8d2959c85e631f5966b728e1ee7bb221d94220cd6cf4dce22d4b38b4eaaade47564a882285810a82f05718134d069ce7ffefea5e977ee14f09b8cf92cb8d8eff7f7f4e26cf19caa25127c817255beb2867fffb1fa120a4fe3f6ee422dd7dba8d2e73f54189b8a6edaa5760bccfa21a3e01baad9096e8d94d66fe42aa2999a249c4bcc28b8b723f1065baf001d177e21105df6cdd0b99a0d5e437491ef5152ea778bba361a39f3a7fe359417309a5fc36f3451428350fd83ff949b91281a5ad23d5e7432ce968e1471435c4f09d8b11a75ab1a8eaf6f4eb2af51c63d443918f9366b282ef0dd31f83c26d9e15017e3b01382fe0922d1d604e720fc67712b61a775cc577f7a1072c5a517ed9dba819c4052bd9c0112b90091256041ea747603b402306bdc958c23103f2277e6bcf8227c6b678bcf2b31729f238413b5b400537caf0ee03c704c4e9345a2ae3707eeae2a51c838717faf110bfcd9116d46774b6d58a2c3f4e2b3e41e91af6348dc87c38e6695f48bfa1e9e34b6c22191dcaa928ddfd7f5aa85d01c80068c4b922b09dc3eed830cc1a19b2522ac4323caec2969eedf82de3e1b3d03151440c35764f31d75c56fb5cb653725902cc30225990db115e435c1575434e9d2e504387a3f4fc4f6022636af966002f708f64ab69fed69a927938b72dcf43214dcc2888e69dd0c99c2db7077a0ca3829551275485888a080e1981915f76a0f0997a999fec0d2b9ed52cfd45eba67de99766c765880688adc308d3a26091fd7b49304006debed44529edf536fbc0e21f0a9b00f91f4e07e1f6b82055da52189c3fbc973d5b2145db86c44cd6f592462448f4596ba2f11a41f6726d194ba0cac512a2ea2166dc5fa298bafa280e87b367472948f06494aa326bf1b433a196a4348df0bf973fac443504b493f2a0d32620f655f3d84870c73f9a03dc3006a027eb4c4d9268ad13c99949563e9237c34e88c140bf537bdc67e1ef3037c03ae7581966cdfa7497bdda5a0882e644d5d952497d7529a71cb0bb5fcd5771c7496f56a15cc38541de551895f46527521361aec61cf0163c4d21273c5ee47dcbdba80923d9652c92e9a03fb1d2ad94078ae7e779c9e5b86ef45689bc821ec47cd8d2bfe97bfd60112edc5dd6d2e75b655d15070b20f2cbf388844e66ba8dc26ccec357dcc2dc316855f0f5a4488d333448dbd959faf36a657ee95bc7764afbfa3a61eae635a6809120b276e742f9f6c9e4cec17c77c6ead4f28699d3775c53097bf637418e1af877d0b2599cb507e4434c018447d5589f999a179cfe0bf64a47c63d829e7833565313f3f35cbcf79f5dc4adc096700bcc4d44f442dccaa909b63472abed858733086f9ff8fe4c80bc6c67cbe375b738623dad73d7ece10e7e6f8ca9798a9dd27a6474b50bbac472e222849e9d067662da3220605616e17b8beb7f22d3085c9690ed2ca6cfcb26a50393e33dc7554e754e85755802365c2486b443202fa49f957e813a834113a7101a31c4714806ddea4f772bdbf6c147c8bc3054b32509a81ae0454cd8f442d8a02a3cf7b1e0760432be70de59700612c8dd6d5e034739541f2c0ed9c8b94741e826da02bf85b7fead29ef6cdda4b7158bdb24a5f3f62c96a1689ddc0587388d39340b1f19172a8ce90591a740231629280bf557de1da75523aff558c8da7ffb5b38fed59a63ebcd3598d5f4d0bc544bd48197cd18d56dbbf56019ee50df46a01a8a056206460bcc8979e04e058c9f77f6ac85b4c6dbb45f715bdf94e775e1f48d85b8d3bfecf4754c24914c353d58938674e105e535b7fc9be099fd24f33a876254a84873b6c9273957bd184e02d412fa26c48f5aeee8336ade4c26bc3c29cab5fe399a7499288f607a1518b23be8142c9c2694de7d2ba3e3fef8e594e81b414a27caa486168f45b791f9323413ba5aacde146c149219b9b4ce0f8422c8f86d99623f3d99570171b24c93864c198c5e20533ea83ef964268d6679419ab8a1f7e1a02f2af7900a84e1126dd57a2dfbc01619f2d9f50e8c7a40d32297f9b86949da5ba655539f7e12ae055120330ffc33173e08ba9c03ae246836d70615c98d9a4c2139ace4c15c2271b34042d5ac34403b32909cec6c69a537c5cafadff2715bd3715bd8b59f327e4dc28f0ccad95dec1345c685e009d134ffd147cb3faf4b6e6556d66489fe0016ecb462b5bcde9f559d08e77ded6df3aedbe34cc755be3818fef6bda6d8fe56fa9c78bf67cea335663d4ac830f8879285b327adf9405b29b599dedb993cfc5fdd672031bc5d46e6cb558c8644ae13af298c86e07f5d1cdec7fd5c36c992b6422dd609b3552aa620c73b0d566349b970f1be5af2473b613b2335973c8466c8e6d630672e43ae0a5ed633fc05e0a2baffd0b2212422ffa494c4ce8fd7db257fdb1d1f4b00a03de9928b3ad26517a014f1003df296690ec7d950e7c9954119ccd77d47f228096004647ca3f776b69c5c500c37e8891d9b61e6950fdc680717c4185fa79a5a307cf412e3aaaa248f854c765ec6c2b9715fa0816254fea27f78f1b7efa782b7f55deb4087c21b92ef9c097de0360ae3effd83505e19d7c4be52b0657889d913e6ae44a94ee90e40473a770e3f886974a208d20aaf7864000ae929ffe8fbcb5c9a4e6d62e230be064e5e32063625d0a74b0d82ffd93338e907c8c5b5e3b5bab5100edbd3f1b987f7172f2b3fda549804690f72e1c4f8367cec52a7b0ace79d0e02a52887c3feca3a27f001b14d9b69e39d1a30f93ded1a518f994a1b0fb3e1709f0a4acf30a8260b85539508bc1554402dbfc214b68ed53a574d9a0cf1e95cb51d63a3c4b3240c363916b04ae4f60f6fe01a0233ca2cdb6eb48230e853faa75ebbcb5730be887d755190250dd87db7c3356ff0c69d67dd52fe39ca691618a697a4abca2d29eb4d97b52334e2c716a3b12372240eed257f467d4334c356f6242c679c766a51f409cf02a2c8484a15bbf284572b7dbdbdb55f513634d16dd7a53e8507c3e7aa167c66b9b82c1cc2836edc884f93350c2724af89af330154128fa826aebe328e080373961b52c6c56a57c5351863f5a30655cc28ffba7fc6a11485e1748b2a559b87d2f1f475e168293d3f9fe18633026a83dcbc5408b25e5324f3f67335778202a936fd91beee96304507ec0d954a9009d72720a65e00f801dca1f877dbc9a37f3a7e5311f16fa90ae864b3716501de4a2238edb86402efaeb75e248b7c283e5c28be980b65ecdb07c3cdae6d45f457e9b8837c9624751477513bd5883789c515b2ef47cddbd895b1e2cf5544b38cebdc03a28d01a9a47060d9df7919f632eb569e2ab9e0e1472932872aade4b4ced648b782c2e653d2b7e2ed986b4ecc1eeaf6a65f5a3180e47748f02b1130ba31a721500337fc086a8d1dd92e86f2c7a12f0b86613ff13746467e7b1d1109e5ecba2e99a98b5d7a7e2fd3baa901e82f615e08ee267d56c1be73f3156bf14501991facb3895526a0ad02512f89ade0053c733a22d376337fee0761ee0890b222749e59441390045459dfe72d2c149dedd1df4ef44fb92dc7895163a4d04294a9443d9044d1207badffac236b213f31fba04a5de5356c9d64f182ef62b4fb664137a2f91f942f29bce77f1d11da05ba83d5285b7658184791098ddd6d4f30aac6e5840519541885e9ad25addc8bd24e3a0a72b2843fb634821e60fa60d56c975b73f74b14039bac2786c6fac60ee9cc308eaf977c68624b93b847dc54feb8d493d2fea80c9cc3c611f7b009717c808ff97cad1636d6000502ecc05945d73dc0000000c39cfdbb83e3be20be8e1adcfc5e20ff9f22431fe1a343ba0520d133d0d6a66b40a76417a3d1e4005a31d0a6ba5f4ccc025428b2285a8668e4141095543178e7a995f7e25a35f01f65df3e8886698ea1c785d61c10995250e3a42c7a2146c14cd0347a2c6a9f149774545d20933f1ba4a31f10bfff12270284ebf886fdd4f071c95f6a3d3e2700be4dfccc78c3005512556566e99908bc872e117ee29384d12989bf71c86fcab4a372d3b9d044a856cd5a44be9e8e2a56fd52ed895a1852e2eeb2f5c187fe33475881e8c29ba89d51e706f6b1be89ced69c8fc76192537129e95fb8d950f442dd8f32e726cf633331fd86f8b8c4c8318b2f5cb6904a43009ebdb45366ce81ea8faba20c6086bb01cad3840dd1ac561db38e328d1ef8a51848c840a288f71b8187e187bcb735433d14284891757acfa659c5da1eb6ad479e2887f99667005975aeadeecca772391a5e92ea3e279c0abb610de3138d82265e21b84a66c15f22bb7841410b60b49e93700c1678a6fe9c065a1fd970cd1513fae9cb1295e6878b7ad59663b06831ffacba32f6663976e4a7b2191600747296270efda41d978bd2ba064320c17dd880274f69ffe49a54aab20d13257a3c11a646ff9586afababa1000ffc59aef4fcfc53880cb193ec252a9e71de9517145c8df4449c7636bb163e303b9c9185ab0bc2e0c6922b0d11040979c0c7cef6680af27894901466552b9a2b5306cc1c4ed147062357b722c951b401c1f522e88262c5dd652477d8e3eceb5b3b4d64566db2f9f0fc66e6dbebd521085cf0d2403d7a7babf69e9d90c65e427e2aece93a751da427fa7f4ba414c11dc42a11227b8f05ce439754047a98efa0b9360555637394fb819a5a0fe267256960bcdefe1b7185c355bafb2ba5f19ab02ae4978cb180b5fe27c73a77d9771aabac264d0fdebb7c73901d2b4f5a7f44bb5e74ad7a1b6cd0151dbc71b891ae1341bf1c5849e328f181fa8ccc9062d0429824a1736899ef05a00036a1ac0f54203af38a2f08dea9589dc65be9cc1044abab5525da2bb3e3c0662a86e11fb792d24ee7dd9edef5319b1e55fdc5ce298c768499adbfc159bcc29f02eac72d70b8c6fd0bcc6abeb83d48329eef27e02dd9c053415114561ad505bf79f3a2399a8be5848bec63ae204d04071524b64cb4a8d8f7ed5854704e2becdb59cf6420abcda9a531d0c97b46250fa81ab7f20ed25e03245c951e4316c29b7813b9b485ae99983bb90ecf49692dee0ca828e82046b71d124b795a73b37d6c9a26a71e5653cd768881744473e6020e0e3513dbcc62758aa961da1b7f22b4330bdc09cfe5992725500035a6e26221c751a434fb34f201cd748185024f4298f55ec58f85a509904732d7a8992d4463ab0345293a9ffb1c019695459c18357620fabca9df654692f7e177d6c4c9b04d9fc29729c5cb82feca9c6b33b73f61676be0cc7afb9372c00af7ea5fdf6beb963c24d7e85b00d1945b3c01efebb87a7df8fcd712361663e614a5ae9dc729d9a612eca993db43851e6320b48a37935e60e74ba8f032de7266b6909669a9e25c884e9c14c83f14b2f967f7dbdda4265cd684323906b95560c8cad9e0089fd0ecd3c9b27c7c385d9f129a01b8bffaf2f48ba2a2e84464eff3af456da3d5da7e1801343cea6a217159940cc7c07d5177b968971873b0c7abc1cf7177e9f8bde051b886712d49e65c7bf74b51208d8fa9d6e55992131235eefb76e6f4e8a5bec0e435aea007ebcce261c01909e28504d592f7d5a62f9bdfbdf85e2ecd8c3a23e5a11d84fb58cdbcc1897e5e2de376da7faa6610b72fd0a71a3fa23e06ff1df096adbfd5b17f299893db18e9e7ce3c889a5e26f767044d8346383402a9ed8ac238755528d7369ba43770a99e447b16cba16363c9e7f963b537e2ca9ab5d2213ae7375546f6e804beb589dae093929d5ceb9be00021ed81e32fcb002196a3f6fea07f158b97a1687eb584e5b17ce1d147247ae172b477afecdf28a16ac0cde593691dd8d97df5e5142321d6d3078f1d375b52ebc14a7dd2968f0b29feccb774d635ad3f81cea2faf6fe4c4ddd495c427d152a1f32904d77e522c631e4e908139f0934ec6b1ce7db0d692ffe0e629a379a1dc9e91221151a3e357461b6e1e5a62f14df8eab994ddf3b1dddb4e884221572b08a72e96cbe334c6c6da9fde86ad793628e30fe4bc0aecf8d86095a48eeb32e9c8a20ef940fe9334b1fc40322bddd805b146670a7ae5fa311d331aa86e6c44ac562c3247584582adf7a7cf0756f96b299b243d26bab6169dd7b062eb9ed24950e96bdb08185c5937d815d212d4802bafda3ecca9f81478cc1313bc1375c5648d7dbc85bfd2c9db8236aadfcbee83cc415983f8310b7cee31cf8b0320f21339aabca2f1cb4e55b300872ef083189cc8de8f8f22d7c7c6a1437d56f11bceaf448481edf3dce8b33139a272df48acef9686f19c46e4f9040bdb126e1c4f3f5be08d6c17d57a6352b424d29346f843e6d7e320246fa993bde81bd5252d350ceb3707d1106055e99e933fb80cb5a4f6b99ec14f179aa3a5344aabd03cc702cfac9db1da036b2350d8ab44c24217b534e72490c110cbef6def4b3c8e93dd5ccb500680e516ce5d886d5ef52d9e3fdd38cc92ff00f7732d8f4a36ed45d392c1b9b98dd70eee5483cf6f8b4368052ecd43764f7082a8fdae4ae17a4e3039684efd5be363419768f4950b0401d8056638494653ea218c34e00bf23a3e706297fe2b2ddfe3704d8bdd27e5a8c7a5344304f1ce692011c4ec5fee31ecf7fbd6ab33cd8c27905b88559a671c1b05ddc1abaa3ff4abe110dae29303e58d1300fda149b3b29ef0de1c9d6726059d67400fae50632d7846ace3792acfc08109d0e5de73f08a78d6cd5c2cc6e1b1bdc2a2123e9c98ad365f85908398274386e0d03be0495632bc572c460366fbd1bb79da2d9ac137c7140019c60026177586c7d80e449eb1e805768f0dd33d340b749183a5c74114a025c60b097bcf694d2b98e4ecc61e8996296260be906ca844500936e46150bcb6be56f5053e79984b36b5590ab2a4fd138e7f8e1f814fc7e80fb90983f13cc8ccaa61f469d86d5445d0d0e2bedaadc7c87556627805f8f4196295feefbfde4a2af59d85267cfa57ec2951da8502152d53a438dc42bfa47917b6a9d54af578b428c669fdf2e42edfa8cea193419e5c3da81ee276e43100ef1e12b68e28247b347959b6016618031e39a5fae86d2a526c00000000000, 'image/webp');

--
-- Indexes for dumped tables
--

--
-- Indexes for table `anime`
--
ALTER TABLE `anime`
  ADD PRIMARY KEY (`id`);

--
-- Indexes for table `anime_genre`
--
ALTER TABLE `anime_genre`
  ADD PRIMARY KEY (`anime_id`,`genre_id`),
  ADD KEY `genre_id` (`genre_id`);

--
-- Indexes for table `episodes`
--
ALTER TABLE `episodes`
  ADD PRIMARY KEY (`id`),
  ADD KEY `anime_id` (`anime_id`);

--
-- Indexes for table `genre`
--
ALTER TABLE `genre`
  ADD PRIMARY KEY (`genre_id`);

--
-- Indexes for table `review`
--
ALTER TABLE `review`
  ADD PRIMARY KEY (`id`);

--
-- Indexes for table `users`
--
ALTER TABLE `users`
  ADD PRIMARY KEY (`id`);

--
-- AUTO_INCREMENT for dumped tables
--

--
-- AUTO_INCREMENT for table `anime`
--
ALTER TABLE `anime`
  MODIFY `id` int(11) NOT NULL AUTO_INCREMENT, AUTO_INCREMENT=15;

--
-- AUTO_INCREMENT for table `episodes`
--
ALTER TABLE `episodes`
  MODIFY `id` int(11) NOT NULL AUTO_INCREMENT, AUTO_INCREMENT=38;

--
-- AUTO_INCREMENT for table `genre`
--
ALTER TABLE `genre`
  MODIFY `genre_id` int(11) NOT NULL AUTO_INCREMENT, AUTO_INCREMENT=8;

--
-- AUTO_INCREMENT for table `review`
--
ALTER TABLE `review`
  MODIFY `id` int(11) NOT NULL AUTO_INCREMENT, AUTO_INCREMENT=21;

--
-- AUTO_INCREMENT for table `users`
--
ALTER TABLE `users`
  MODIFY `id` int(11) NOT NULL AUTO_INCREMENT, AUTO_INCREMENT=17;

--
-- Constraints for dumped tables
--

--
-- Constraints for table `anime_genre`
--
ALTER TABLE `anime_genre`
  ADD CONSTRAINT `anime_genre_ibfk_1` FOREIGN KEY (`anime_id`) REFERENCES `anime` (`id`),
  ADD CONSTRAINT `anime_genre_ibfk_2` FOREIGN KEY (`genre_id`) REFERENCES `genre` (`genre_id`);

--
-- Constraints for table `episodes`
--
ALTER TABLE `episodes`
  ADD CONSTRAINT `episodes_ibfk_1` FOREIGN KEY (`anime_id`) REFERENCES `anime` (`id`);
COMMIT;

/*!40101 SET CHARACTER_SET_CLIENT=@OLD_CHARACTER_SET_CLIENT */;
/*!40101 SET CHARACTER_SET_RESULTS=@OLD_CHARACTER_SET_RESULTS */;
/*!40101 SET COLLATION_CONNECTION=@OLD_COLLATION_CONNECTION */;
